EmployerID,EmployerName,EmployerType,LicenseNumber,Country,Address,ContactPerson,ContactEmail,ContactPhone,Website,CreatedDate
1,Island Ltd,Recruitment Agency,,Qatar,"44642 Ramos Route Apt. 798, Mahoneymouth, CT 20468",Jessica Morgan,holmesmeredith@example.com,+1-341-803-1915x380,https://www.howard-gilbert.info/,2023-04-24
2,Tech Plantations,Recruitment Agency,,Saudi Arabia,"57046 Schultz Plains, Rodriguezmouth, PW 43495",Meghan Turner,reyesjason@example.com,+1-712-982-3736x1615,http://hoover.com/,2020-11-03
3,Apparel Co,Recruitment Agency,LIC9688,Kuwait,"92695 Shawn Drive, Jonesbury, AS 82380",Ronald Moore,uhebert@example.net,436-864-6431,http://yang-gross.org/,2022-02-26
4,Apparel Corp,Recruitment Agency,,Saudi Arabia,"6197 Richard Squares, Alexanderton, FL 10258",Rebecca Woods,catherine24@example.org,224.757.5332,https://www.king.net/,2024-09-30
5,Hotel Plantations,Recruitment Agency,LIC4242,Saudi Arabia,"007 Phillip Crossroad Apt. 680, West Cherylland, MI 33571",Joseph Martinez,pamela02@example.net,619-919-0822x3511,http://delgado.org/,2023-05-16
6,Apparel Group,Recruitment Agency,LIC2007,Qatar,"28940 Alexandra Valley Suite 372, Jeffersonburgh, PW 35692",Kathy Hall MD,nmorris@example.net,7457641129,https://humphrey.com/,2024-06-05
7,Ceylon Co,Recruitment Agency,LIC7308,Qatar,"52809 Amanda Camp Apt. 841, Gayville, IA 66350",Nicole Martinez,garrettdavis@example.com,001-809-997-6683x636,http://harrison.biz/,2021-05-02
8,Tech Corp,Direct Employer,,Saudi Arabia,"58531 Mitchell Plaza, Rileyfurt, CA 09714",Martin Butler,alexishebert@example.com,+1-298-261-8923x021,,2023-10-04
9,Tech Inc,Direct Employer,LIC9203,Hong Kong,"49715 Robert Square Suite 100, Brucemouth, NH 68890",Sherri Barnes,pedrohale@example.org,7289436000,http://www.james.com/,2021-12-29
10,Tea Corp,Recruitment Agency,LIC7423,Kuwait,"PSC 8954, Box 2277, APO AP 68174",Edward Brown,daniel12@example.net,956.847.5405,https://www.fields.com/,2022-05-21
11,Ceylon Pvt,Direct Employer,,Qatar,"4898 Fry Port, East Laurenton, AL 29185",Jessica Clark,paulanthony@example.org,001-369-444-8908x06788,https://perry-rice.com/,2024-06-12
12,Sri Inc,Direct Employer,,Qatar,"559 Lori Mission Apt. 866, Jessicaside, IA 40297",Sally Lee,jeffreyhart@example.org,576.684.5195,http://www.campbell.info/,2022-05-10
13,Lanka Ltd,Direct Employer,LIC1048,Saudi Arabia,"4636 Foster Ridges, Thompsonfurt, AZ 60579",Matthew Gibson,imoore@example.net,001-735-561-7193,,2023-12-16
14,Tech Solutions,Direct Employer,,Maldives,"4868 Matthew Ville, Port Cassandra, UT 61354",Frank Cook,karenschwartz@example.com,430-378-5585x669,http://green-shea.com/,2024-10-20
15,Island Solutions,Recruitment Agency,LIC9884,Maldives,"49522 Wells Valley Suite 949, Randallmouth, RI 53604",Jenna Anderson,amyporter@example.com,(372)235-3563x45556,,2025-06-21
16,Gem Enterprises,Direct Employer,LIC1598,Saudi Arabia,"966 Miller Vista, New Jessechester, CO 93650",Jonathan Scott,sabrina73@example.com,(455)886-5133,,2022-09-12
17,Island Group,Recruitment Agency,LIC8040,Lebanon,"964 Ricky Mount Apt. 300, Port Cynthia, ND 92488",Mary Jones,whiterobert@example.org,001-961-629-2304x8093,http://cardenas.biz/,2024-03-27
18,Construction Enterprises,Direct Employer,,Kuwait,"462 Christian Island, Moorebury, MI 33442",Donald Wilson,jcarson@example.org,(446)243-8898,,2023-01-11
19,Tea Enterprises,Direct Employer,LIC3637,Bahrain,"794 Bryan Alley Apt. 592, Kimfort, IN 56082",Johnny Adkins,hthompson@example.org,001-615-457-7869x7833,http://www.perez-diaz.com/,2021-11-29
20,Sri Group,Recruitment Agency,,Cyprus,"0759 Brown Cove Apt. 031, Stephanieshire, MN 34822",Karen Dean,brian16@example.com,+1-822-598-8513x727,http://www.jones.com/,2022-01-01
21,Construction Ltd,Direct Employer,LIC4633,Saudi Arabia,"5752 Jeremy Circles Apt. 011, South Philipshire, NM 09663",William Beard,krystal14@example.net,(346)492-6744x974,https://jenkins-ross.com/,2021-04-03
22,Gem Solutions,Recruitment Agency,LIC7042,Oman,"01466 William Unions, West Aliciaside, CA 02108",Bryan Bridges,williamjohnson@example.com,690-345-0353,https://may.com/,2025-01-03
23,Apparel Enterprises,Recruitment Agency,,Romania,"16275 Julie Forest, Williamston, MD 06131",Roy Murillo,dherrera@example.net,807-875-1787,,2023-12-24
24,Lanka Solutions,Direct Employer,LIC1856,Kuwait,"977 Monica Ford Suite 151, Johnsonland, VT 59474",Sheena Brown,phillip47@example.net,409-919-8996x3800,http://murray-richards.com/,2025-03-02
25,Ceylon Inc,Direct Employer,LIC4104,Saudi Arabia,"432 Jose Creek Apt. 766, Lake Keith, OR 83034",Jordan Henry,michellemitchell@example.org,(466)660-2281,https://white.com/,2022-11-02
26,Hotel Pvt,Recruitment Agency,LIC8335,Oman,"4931 Moody Springs Apt. 794, Stevenside, TX 51227",Jerry Nicholson,larrymiller@example.net,9276043714,,2025-06-07
27,Apparel Ltd,Recruitment Agency,LIC4739,Kuwait,"109 Brett Park Suite 473, Port Teresa, VT 28833",Devin Coleman,johnhamilton@example.org,(600)306-6393x1401,https://alexander-kelley.net/,2025-06-08
28,Lanka Inc,Recruitment Agency,LIC3839,Kuwait,"068 Lauren Dam, Sarahaven, ME 91713",Carla Rodriguez,daltonangela@example.net,309.652.3231x18543,https://www.day.org/,2023-07-08
29,Island Corp,Recruitment Agency,LIC7066,Saudi Arabia,"827 White Groves Suite 036, Shawnfurt, DC 47762",Steve Smith,wattsdonald@example.org,326-214-9212x530,http://www.ferguson.com/,2022-12-12
30,Construction Inc,Direct Employer,,Kuwait,"6846 Gonzales Plain, East Kara, LA 61606",Susan Lyons,estevens@example.com,582.473.4356,,2025-06-03
31,Gem Ltd,Recruitment Agency,LIC2251,Qatar,"116 Cody Brooks Suite 176, New Ashley, MA 97387",Sean Powell,kristen38@example.net,001-815-457-2269,,2021-01-04
32,Tea Group,Direct Employer,LIC7602,Kuwait,"85065 Fisher Port, East Matthewbury, WV 35917",Cynthia Brown,nicole66@example.com,+1-596-625-9595,http://jackson-cherry.com/,2022-03-28
33,Lanka Enterprises,Recruitment Agency,LIC3532,Saudi Arabia,"50188 Wheeler Summit Apt. 586, North Ericafort, DC 01973",Elizabeth Robinson,jgonzalez@example.com,+1-994-542-3129x0696,http://watkins-gaines.com/,2023-12-09
34,Hotel Enterprises,Recruitment Agency,,South Korea,"33141 Powell Knoll Apt. 574, Stoutchester, HI 17732",Elizabeth Nelson,samanthaforbes@example.com,(483)257-7322x252,,2025-08-09
35,Construction Plantations,Direct Employer,LIC6676,Saudi Arabia,"778 Wheeler Villages, New Ashley, FM 81383",John Washington,jeffgonzales@example.com,(264)859-2148x605,http://molina.com/,2023-09-27
36,Hotel Corp,Direct Employer,,Saudi Arabia,"763 Frank Heights Suite 744, New Jonathan, PA 96772",Megan Quinn,meganhicks@example.org,(480)444-8115,http://green.com/,2023-06-20
37,Ceylon Corp,Recruitment Agency,LIC6345,United Arab Emirates,"6947 Cassidy Unions Suite 968, Cindyborough, WA 08302",Cynthia Smith,rjohnson@example.com,+1-552-729-9800,,2022-03-29
38,Tech Enterprises,Recruitment Agency,LIC1568,Kuwait,"112 Ernest Track Suite 578, Sheaton, UT 89151",Steven Johnson,trevinojessica@example.net,001-824-627-2007x00921,,2023-02-26
39,Sri Co,Direct Employer,LIC2896,Saudi Arabia,"85008 Taylor Burg, Michaelbury, MA 41502",Eric Mclean,andersonamber@example.net,233-456-1351,https://baker.com/,2022-12-05
40,Hotel Group,Direct Employer,LIC2407,Seychelles,"65787 Ryan Falls Apt. 992, East Susan, MT 48573",Austin Anderson,isaiahmcclure@example.org,987-478-3789,https://davis-jackson.biz/,2022-07-06
41,Hotel Ltd,Direct Employer,LIC8302,Kuwait,"1026 Wayne Locks, Port Rachaelbury, KY 60891",Joshua Lee,janet33@example.com,+1-979-598-8351x913,http://hurst-ruiz.net/,2023-11-17
42,Construction Group,Recruitment Agency,,United Arab Emirates,"1893 Hunter Underpass Suite 771, Adamstad, MA 09106",Mr. Shawn Williams,omaynard@example.net,479.534.4675x0739,http://gordon-thomas.biz/,2023-06-25
43,Tech Pvt,Recruitment Agency,,Saudi Arabia,"0526 Amanda Rapids Apt. 060, Port Gwendolyn, DE 89585",Brenda Lynn,tyler02@example.com,300.279.7537x96277,,2022-09-23
44,Hotel Co,Direct Employer,,Saudi Arabia,"4675 Michael Vista, Dylanstad, KY 15686",Heather Pham,oballard@example.org,+1-522-823-2767x42827,http://www.jones.com/,2025-04-01
45,Tea Pvt,Direct Employer,,Kuwait,"736 Matthew Tunnel, Port Madeline, HI 55953",Melissa Duran,barbaramartin@example.net,(877)280-5899,http://edwards.com/,2024-03-11
46,Tea Co,Recruitment Agency,,Saudi Arabia,"5190 John Parks Suite 915, South Sandraton, IN 47435",Bethany Little,rodney40@example.com,+1-967-435-6745x599,,2024-09-15
47,Apparel Pvt,Recruitment Agency,,Kuwait,"309 Fernandez Roads, Jonesland, CT 40479",Scott Davis,jbruce@example.com,+1-376-868-2717x507,http://gibson.org/,2024-03-04
48,Lanka Corp,Recruitment Agency,LIC4843,United Arab Emirates,"124 Keith Run Apt. 806, Jonesborough, IL 44047",David Patel,amber28@example.net,+1-916-828-4510x3670,https://fischer-kelly.info/,2020-10-03
49,Construction Co,Direct Employer,LIC7264,United Arab Emirates,"924 Timothy Inlet Suite 268, South Samantha, UT 98442",Melanie Todd,deanna97@example.com,(217)894-7032x66768,,2025-08-19
50,Apparel Inc,Recruitment Agency,LIC8357,Lebanon,"7362 Mclean Underpass Suite 303, Mcdonaldburgh, PR 30832",Jessica Torres,henry79@example.org,570-851-5256x7341,https://butler.biz/,2024-11-13
51,Construction Solutions,Direct Employer,,Kuwait,"1960 Angie Well, Franklinfort, MI 42243",Robert Stokes,tiffany72@example.net,869.918.5297,http://gregory.com/,2024-07-29
52,Apparel Solutions,Direct Employer,,Romania,"41900 Mills Centers, Jameston, DC 14581",Jessica Harvey,jose84@example.net,467.767.9526x7727,http://parker.com/,2025-02-25
53,Apparel Plantations,Recruitment Agency,,Saudi Arabia,"0149 David Islands Apt. 121, West Rebekahmouth, WY 25122",Kimberly Nelson,dbarrett@example.org,001-646-613-3690x357,http://www.lopez.com/,2020-12-21
54,Gem Pvt,Direct Employer,,United Arab Emirates,"Unit 7041 Box 4158, DPO AA 67784",Christopher Taylor,torrescolton@example.org,836-656-7116,,2022-09-16
55,Hotel Inc,Recruitment Agency,LIC9857,Kuwait,"28720 Hill Cape Apt. 381, Russellburgh, IL 14841",Brian Conway,nataliebrown@example.com,(635)404-3879,,2022-09-21
56,Lanka Pvt,Recruitment Agency,,Kuwait,"26325 Mccormick Pass Suite 856, Gonzalesfort, DE 95260",James Garcia,michaelgallagher@example.com,536.909.1709x02959,,2025-05-23
57,Tea Ltd,Direct Employer,,United Arab Emirates,"7581 Baker Orchard, Ernestton, NJ 86370",Mandy Lam,halematthew@example.org,708-483-2535,https://lopez.com/,2024-07-24
58,Ceylon Plantations,Direct Employer,,United Arab Emirates,"515 Martin Streets Apt. 909, West Shanefurt, MI 59365",Deborah Roberts,taylorbell@example.com,+1-781-301-3980x06568,https://www.wilson.com/,2022-11-05
59,Lanka Co,Direct Employer,LIC8884,United Arab Emirates,"797 Lawrence Fall Apt. 805, Lake Brandon, GU 60335",Eric Mays,davidjohnson@example.org,001-881-889-4079x07583,http://berry.biz/,2025-06-23
60,Sri Enterprises,Direct Employer,LIC3176,Qatar,"12935 Gregory Knoll Suite 376, East Matthew, VA 54516",Shannon Alvarez,johnsonmelissa@example.net,001-569-440-2087x3355,,2025-05-24
61,Lanka Plantations,Recruitment Agency,,Saudi Arabia,"4542 Christopher Cliffs, Port Sarah, HI 59918",Sarah Best,adamsbrianna@example.com,(298)755-4555x7222,,2024-08-19
62,Tech Ltd,Recruitment Agency,LIC3487,Serbia,"84579 Brian Course, North Charles, VI 38760",Laura Cunningham MD,melanieperez@example.org,274-665-2010x929,https://www.sexton.info/,2020-09-22
63,Gem Group,Recruitment Agency,,Saudi Arabia,"78531 Bird Station, Porterborough, AZ 27878",Shannon Golden,joshua19@example.net,+1-361-359-0097,http://www.ho-johnson.info/,2023-05-13
64,Island Pvt,Direct Employer,LIC8966,Saudi Arabia,"060 Thomas Stravenue Suite 507, North Steven, IA 86539",Megan Roberts,lopezjessica@example.net,544-245-4384x5200,http://woods.com/,2023-04-06
65,Sri Corp,Direct Employer,,Bahrain,"05767 Thomas Dam Apt. 631, Port Rebecca, VI 85559",Jacqueline Campbell,simonlisa@example.org,(685)657-6864x4554,http://www.blackburn-pace.com/,2024-04-10
66,Sri Ltd,Direct Employer,LIC3121,Lebanon,"386 Edwards Fields Apt. 997, Shannonchester, VA 89061",Robert Powell,ritaayala@example.net,(955)779-1988,https://mcguire.org/,2023-03-31
67,Lanka Group,Recruitment Agency,,Qatar,"109 Franklin Burgs, Lake Robertmouth, MI 84751",Diana Elliott,wryan@example.com,+1-799-601-3476x3852,,2022-07-10
68,Island Co,Direct Employer,,New Zealand,"40357 Michelle Ridges Apt. 403, Mayberg, PW 10260",Rhonda Stewart,mortonjessica@example.com,608.682.3606,https://hernandez-mitchell.com/,2022-07-26
69,Island Plantations,Direct Employer,LIC9044,Qatar,"9036 Elizabeth Union Suite 076, West Matthewmouth, ND 11060",Chad Mcknight,pamelaanderson@example.org,+1-680-350-2580x246,http://www.henderson-parker.com/,2023-12-01
70,Ceylon Enterprises,Direct Employer,LIC3742,Jordan,"6226 Dixon Street, New Keithport, ME 32846",Stephanie Thompson,cschultz@example.net,738.861.0102x744,http://dickerson-moran.org/,2022-03-03
71,Tea Inc,Direct Employer,,Saudi Arabia,"2274 Amy Fords Apt. 706, West Joshua, CA 68785",Joseph White,privera@example.net,939-980-2930x1928,http://small-taylor.com/,2025-08-14
72,Ceylon Ltd,Direct Employer,,Qatar,"1814 Price Port, Jacktown, MO 10309",Christopher Coleman,andersonjames@example.net,493.586.8611,,2025-05-31
73,Tech Group,Recruitment Agency,,Kuwait,"892 Francis Summit Apt. 413, Port Jonathan, DE 15738",Jessica Hammond,kathleendaniels@example.com,(932)456-2936,http://www.huynh.com/,2020-12-04
74,Gem Inc,Recruitment Agency,,Kuwait,"196 Steven Mission, Mccoystad, OR 49222",Ashley Shepard,carla79@example.org,001-403-669-3418x201,https://www.robinson.net/,2022-02-10
75,Ceylon Group,Recruitment Agency,LIC9578,Qatar,"597 West Orchard, Castroshire, GA 03747",Katherine Patel,allisonjones@example.org,001-879-554-8213x5142,https://www.davenport.com/,2022-01-18
76,Gem Corp,Direct Employer,LIC4939,Saudi Arabia,"52465 Shepard Mountain, Port Jason, NM 67497",John Patterson,kennethhenson@example.net,738.385.9265x44044,https://holmes-thompson.info/,2024-05-21
77,Construction Pvt,Recruitment Agency,,Japan,"Unit 4115 Box 1412, DPO AE 59612",Mary Nunez,qryan@example.org,704-772-2742,http://horton.com/,2023-10-17
78,Tea Plantations,Recruitment Agency,,Romania,"183 Quinn Glens Apt. 890, West Curtisfurt, NM 31193",Karen Greene,jacksonamy@example.net,869.592.7944,https://monroe-lowe.com/,2023-02-07
79,Sri Plantations,Recruitment Agency,,Saudi Arabia,"PSC 7478, Box 5040, APO AE 05410",Wesley Jordan,cookalicia@example.com,+1-410-234-7289x15960,https://goodman-reed.net/,2023-02-15
80,Island Inc,Recruitment Agency,,Saudi Arabia,"45308 Deanna Fork Suite 150, West Bethanystad, IN 62843",Michael Ramos,aflores@example.net,713-906-0212x29574,http://moran.com/,2020-10-05
81,Gem Co,Direct Employer,,Qatar,"393 Howell Corner, Lake Austinport, VA 16639",Christopher Holt,nealadam@example.net,852-531-7510x74392,https://www.chambers.net/,2024-11-24
82,Island Enterprises,Direct Employer,LIC3489,Kuwait,"947 Paula Rue, North Connorton, VI 75662",Vanessa Sanchez,rscott@example.com,966.315.9199x9156,,2022-04-16
83,Sri Pvt,Direct Employer,LIC4005,United Arab Emirates,"83753 Jackson Pass, West Kathryn, RI 71661",James Rojas,davidgreen@example.org,9323234853,,2021-12-28
84,Sri Solutions,Direct Employer,LIC1120,Saudi Arabia,"327 Christopher Track, Johnsonmouth, OK 21076",Sean Donaldson,georgelopez@example.net,700-208-1164,,2022-07-17
85,Gem Plantations,Direct Employer,,Qatar,"503 Johnson Via, New Nicole, MO 60638",Donald Jones,jacksonlaura@example.org,403-821-3204x79691,http://anderson-burch.com/,2022-10-22
86,Hotel Solutions,Direct Employer,,Malaysia,"6746 April Fork Apt. 468, Michaelburgh, MI 07687",Pamela Wilson,garrettkaitlyn@example.net,733-238-0171,,2022-02-03
87,Tech Co,Direct Employer,,Saudi Arabia,"04045 Christopher Field Apt. 003, Hugheschester, IA 65975",Todd Ingram,boydrebecca@example.net,201-933-2580,http://www.williams-baker.org/,2024-01-15
88,Tea Solutions,Direct Employer,LIC2096,United Arab Emirates,"51035 Romero Isle, Michelleton, NY 22085",Kimberly Petersen,darryl10@example.com,+1-946-473-2374x5613,,2024-08-06
89,Construction Corp,Recruitment Agency,,Qatar,"0930 Katelyn Gardens, Herreramouth, AR 87759",Amanda Murray,nflores@example.org,632-501-5995,http://cole-black.org/,2020-11-16
90,Ceylon Solutions,Direct Employer,,Saudi Arabia,"013 Hunt Ford, Sanchezhaven, HI 09281",Laura Hernandez,thomascole@example.net,269-527-5320,https://www.montgomery.com/,2022-01-03
