PersonalID,Qualification,Institution,Year
7,CIMA,Cisco,2006
7,Plumbing Certification,SLBFE,2018
9,Cisco Certified,SLBFE,2004
10,CIMA,SLNMC,2017
16,Plumbing Certification,SLBFE,2004
17,PMP,ICASL,1990
41,Electrical Certification,SLBFE,1997
50,AWS Certified,CIMA UK,2018
50,Nursing License,CIMA UK,1988
56,AWS Certified,SLBFE,2005
56,Electrical Certification,SLBFE,1999
63,CIMA,PMI,2015
66,CPA,ICASL,1999
69,CPA,Cisco,2025
70,Nursing License,AWS,2014
74,CPA,SLNMC,1991
83,CIMA,SLBFE,2023
98,PMP,ICASL,1985
111,Welding Certification,SLBFE,1984
114,AWS Certified,AWS,2016
121,PMP,ICASL,2021
121,Cisco Certified,CIMA UK,1991
134,Nursing License,SLBFE,2008
136,PMP,SLNMC,2012
140,Driving License,SLBFE,2006
140,CIMA,SLBFE,2024
141,Plumbing Certification,SLBFE,1983
143,PMP,AWS,1992
148,Driving License,SLBFE,2011
151,AWS Certified,CIMA UK,2025
155,Driving License,SLBFE,1995
160,Electrical Certification,SLBFE,2025
172,PMP,SLNMC,1995
177,Driving License,SLBFE,2004
182,Nursing License,Cisco,1998
192,Driving License,SLBFE,1988
198,Driving License,SLBFE,2010
211,AWS Certified,PMI,2019
228,Nursing License,CIMA UK,2006
229,PMP,AWS,1989
230,Driving License,SLBFE,2009
235,AWS Certified,PMI,1994
237,Driving License,SLBFE,2021
238,CIMA,ICASL,1990
240,AWS Certified,SLBFE,1992
242,Cisco Certified,ICASL,2005
246,CPA,CIMA UK,2017
251,AWS Certified,AWS,2024
251,Welding Certification,SLBFE,1994
253,Driving License,SLBFE,1986
257,AWS Certified,SLBFE,1995
259,Cisco Certified,PMI,2022
259,Cisco Certified,CIMA UK,2023
261,AWS Certified,Cisco,1988
276,PMP,ICASL,2012
293,Cisco Certified,ICASL,2017
306,CIMA,ICASL,2010
307,Nursing License,SLBFE,1996
307,Nursing License,CIMA UK,2016
314,CIMA,CIMA UK,2005
325,Plumbing Certification,SLBFE,2005
325,Welding Certification,SLBFE,2011
326,Welding Certification,SLBFE,1991
330,Plumbing Certification,SLBFE,2005
333,Electrical Certification,SLBFE,2020
333,CPA,Cisco,2010
339,Welding Certification,SLBFE,1981
345,PMP,SLNMC,2005
354,PMP,Cisco,2013
363,Nursing License,ICASL,2007
370,Welding Certification,SLBFE,1996
376,Plumbing Certification,SLBFE,2011
379,Welding Certification,SLBFE,2001
383,Nursing License,ICASL,2000
383,Cisco Certified,CIMA UK,2014
386,Cisco Certified,SLNMC,1992
386,PMP,SLNMC,1999
391,Electrical Certification,SLBFE,1981
395,Electrical Certification,SLBFE,1991
395,Welding Certification,SLBFE,1981
396,Driving License,SLBFE,2009
398,Welding Certification,SLBFE,1987
398,Cisco Certified,PMI,2007
400,Cisco Certified,SLNMC,1999
400,Electrical Certification,SLBFE,2020
406,PMP,ICASL,2002
414,Electrical Certification,SLBFE,1986
420,CPA,PMI,1996
426,Plumbing Certification,SLBFE,1983
429,CPA,SLBFE,1997
430,Electrical Certification,SLBFE,1992
430,Electrical Certification,SLBFE,2002
435,Nursing License,SLNMC,2016
440,Plumbing Certification,SLBFE,2007
443,PMP,SLNMC,1997
443,AWS Certified,PMI,2001
444,CPA,SLNMC,2021
459,PMP,SLBFE,1996
475,CPA,SLNMC,1984
477,AWS Certified,SLNMC,2019
484,Driving License,SLBFE,1995
487,Welding Certification,SLBFE,1981
489,PMP,SLBFE,1997
492,Driving License,SLBFE,2009
495,AWS Certified,ICASL,2018
495,Cisco Certified,PMI,1984
501,AWS Certified,SLNMC,1995
504,Plumbing Certification,SLBFE,2025
504,CPA,SLNMC,2006
512,Electrical Certification,SLBFE,1987
513,PMP,SLBFE,1990
520,Welding Certification,SLBFE,1983
520,Cisco Certified,SLBFE,2020
528,Cisco Certified,CIMA UK,1983
534,CIMA,CIMA UK,1990
534,Nursing License,CIMA UK,1994
536,AWS Certified,Cisco,2015
536,CPA,SLNMC,1997
542,Welding Certification,SLBFE,1994
545,Electrical Certification,SLBFE,1982
552,PMP,Cisco,1999
552,PMP,AWS,1986
554,Driving License,SLBFE,2009
561,CPA,CIMA UK,1989
564,Welding Certification,SLBFE,2006
581,CIMA,ICASL,2010
583,Nursing License,AWS,2014
583,AWS Certified,AWS,2001
586,Electrical Certification,SLBFE,1988
588,Nursing License,AWS,2012
589,AWS Certified,SLNMC,2008
589,Nursing License,SLBFE,2012
591,CPA,CIMA UK,2015
596,Driving License,SLBFE,2004
596,Cisco Certified,ICASL,2023
598,Driving License,SLBFE,1988
600,Plumbing Certification,SLBFE,2008
601,Welding Certification,SLBFE,1986
611,CIMA,SLBFE,2000
611,Nursing License,PMI,2017
619,Driving License,SLBFE,1999
633,AWS Certified,AWS,1989
634,CPA,SLBFE,2003
634,PMP,AWS,2013
645,CIMA,CIMA UK,2020
657,AWS Certified,Cisco,2016
657,Driving License,SLBFE,2018
658,Welding Certification,SLBFE,2011
660,Driving License,SLBFE,2017
661,Plumbing Certification,SLBFE,2019
664,Cisco Certified,AWS,1991
668,AWS Certified,AWS,2015
669,PMP,Cisco,2019
669,Welding Certification,SLBFE,2023
671,PMP,AWS,2016
673,Electrical Certification,SLBFE,1981
673,Cisco Certified,AWS,1992
676,Nursing License,SLBFE,2003
687,Electrical Certification,SLBFE,2017
694,PMP,AWS,2011
695,AWS Certified,ICASL,1998
695,Plumbing Certification,SLBFE,2017
698,Nursing License,SLNMC,2017
701,Plumbing Certification,SLBFE,2007
704,Cisco Certified,ICASL,2005
705,Cisco Certified,SLNMC,1989
705,Nursing License,SLBFE,1990
707,Electrical Certification,SLBFE,2012
707,Electrical Certification,SLBFE,1982
717,AWS Certified,SLBFE,2014
717,Driving License,SLBFE,2015
718,Nursing License,SLNMC,1994
723,CIMA,AWS,2001
728,CIMA,AWS,2011
733,Plumbing Certification,SLBFE,1989
733,CPA,ICASL,2023
738,Electrical Certification,SLBFE,2009
742,PMP,AWS,2021
742,PMP,CIMA UK,2002
745,CIMA,Cisco,1993
745,CIMA,SLNMC,2018
752,Welding Certification,SLBFE,2006
763,Plumbing Certification,SLBFE,1990
765,Electrical Certification,SLBFE,1994
769,PMP,AWS,2021
769,PMP,PMI,2023
776,PMP,PMI,1991
776,AWS Certified,AWS,1985
779,Nursing License,CIMA UK,2008
780,Cisco Certified,AWS,2014
780,AWS Certified,ICASL,2021
786,PMP,CIMA UK,2007
789,CPA,SLBFE,1995
798,CPA,ICASL,2013
798,CIMA,SLNMC,2023
799,CPA,AWS,2017
802,CPA,ICASL,2022
813,Cisco Certified,SLNMC,1994
814,Driving License,SLBFE,2012
815,Electrical Certification,SLBFE,1987
818,Driving License,SLBFE,1994
820,PMP,SLBFE,1992
820,Plumbing Certification,SLBFE,2003
825,PMP,PMI,1991
825,Electrical Certification,SLBFE,2011
827,Welding Certification,SLBFE,1988
828,CPA,SLNMC,2005
828,CPA,PMI,2014
830,Cisco Certified,CIMA UK,2005
838,Welding Certification,SLBFE,2016
842,AWS Certified,ICASL,1999
847,CIMA,CIMA UK,2004
848,CIMA,AWS,1988
850,CPA,Cisco,1985
851,CPA,PMI,1987
856,Driving License,SLBFE,2021
856,Cisco Certified,SLNMC,1996
857,Electrical Certification,SLBFE,1986
859,Plumbing Certification,SLBFE,2021
860,Driving License,SLBFE,2016
863,PMP,ICASL,2021
863,AWS Certified,SLBFE,1981
864,Nursing License,AWS,2020
864,Plumbing Certification,SLBFE,1986
867,PMP,CIMA UK,2014
873,PMP,ICASL,1986
874,Plumbing Certification,SLBFE,1995
889,Plumbing Certification,SLBFE,2008
895,Driving License,SLBFE,2024
902,Nursing License,Cisco,2005
909,Nursing License,Cisco,2021
910,Cisco Certified,SLNMC,1993
928,AWS Certified,Cisco,2021
928,AWS Certified,AWS,1992
933,PMP,SLNMC,1984
942,PMP,ICASL,1986
949,CIMA,SLBFE,1990
957,AWS Certified,PMI,2003
958,Nursing License,PMI,2021
960,CIMA,CIMA UK,1999
970,Nursing License,CIMA UK,2023
970,PMP,SLBFE,1990
977,Welding Certification,SLBFE,1985
991,AWS Certified,AWS,2014
997,AWS Certified,SLBFE,2013
999,CIMA,Cisco,1985
1003,CIMA,CIMA UK,2002
1004,PMP,SLNMC,2000
1016,Cisco Certified,SLNMC,2021
1021,CIMA,ICASL,2023
1033,Plumbing Certification,SLBFE,2005
1039,Cisco Certified,ICASL,1991
1044,Electrical Certification,SLBFE,2014
1048,CPA,SLNMC,1980
1049,Nursing License,ICASL,1984
1049,Electrical Certification,SLBFE,2004
1052,Electrical Certification,SLBFE,2013
1052,Nursing License,AWS,1981
1056,CIMA,Cisco,2022
1079,CIMA,SLBFE,1987
1080,Electrical Certification,SLBFE,2024
1083,CPA,PMI,1987
1088,Plumbing Certification,SLBFE,2015
1093,Welding Certification,SLBFE,1999
1093,CPA,Cisco,1990
1097,PMP,SLBFE,2012
1109,CIMA,CIMA UK,1984
1113,Electrical Certification,SLBFE,2005
1121,Welding Certification,SLBFE,2012
1125,Welding Certification,SLBFE,1995
1125,Driving License,SLBFE,1997
1133,Plumbing Certification,SLBFE,2001
1134,Plumbing Certification,SLBFE,2003
1150,Nursing License,AWS,2008
1158,Plumbing Certification,SLBFE,1985
1166,CPA,SLNMC,1985
1170,Nursing License,CIMA UK,2005
1174,Driving License,SLBFE,1982
1175,Electrical Certification,SLBFE,2001
1186,CPA,SLNMC,1984
1186,PMP,Cisco,1997
1188,CIMA,ICASL,2010
1188,Electrical Certification,SLBFE,1980
1192,Electrical Certification,SLBFE,1982
1194,Welding Certification,SLBFE,2021
1198,Electrical Certification,SLBFE,2001
1199,CIMA,SLNMC,2015
1208,Driving License,SLBFE,2002
1221,Welding Certification,SLBFE,2001
1221,Plumbing Certification,SLBFE,2006
1224,CIMA,SLBFE,1996
1227,Nursing License,PMI,1983
1227,Driving License,SLBFE,1983
1239,AWS Certified,SLNMC,1990
1241,CIMA,PMI,1993
1250,Electrical Certification,SLBFE,2016
1259,Electrical Certification,SLBFE,2015
1271,Nursing License,CIMA UK,2013
1273,Electrical Certification,SLBFE,1997
1281,Driving License,SLBFE,1989
1292,Nursing License,AWS,1983
1292,Cisco Certified,Cisco,2009
1294,Cisco Certified,CIMA UK,1989
1296,Driving License,SLBFE,1988
1300,Nursing License,AWS,2019
1300,CPA,AWS,2016
1301,Nursing License,SLNMC,1986
1305,CIMA,AWS,2015
1308,Driving License,SLBFE,2005
1313,Cisco Certified,AWS,2003
1325,Plumbing Certification,SLBFE,2006
1325,Nursing License,Cisco,1987
1335,CIMA,Cisco,1981
1335,Driving License,SLBFE,1984
1336,Cisco Certified,SLNMC,1986
1339,Cisco Certified,ICASL,1987
1348,PMP,SLNMC,2000
1357,Cisco Certified,Cisco,2012
1361,Welding Certification,SLBFE,1998
1377,Driving License,SLBFE,1993
1380,Plumbing Certification,SLBFE,2004
1380,Driving License,SLBFE,2010
1382,Nursing License,SLBFE,2025
1394,Driving License,SLBFE,1983
1397,Driving License,SLBFE,2022
1401,Welding Certification,SLBFE,1998
1402,Welding Certification,SLBFE,1989
1408,PMP,Cisco,1995
1427,Nursing License,Cisco,2014
1427,AWS Certified,PMI,1991
1435,Nursing License,CIMA UK,2015
1442,Welding Certification,SLBFE,1982
1455,Plumbing Certification,SLBFE,2024
1455,AWS Certified,SLNMC,1997
1457,AWS Certified,AWS,1991
1457,AWS Certified,ICASL,1989
1463,Driving License,SLBFE,1983
1469,Cisco Certified,SLBFE,1998
1469,Driving License,SLBFE,1980
1471,CIMA,SLNMC,1996
1476,Driving License,SLBFE,2012
1484,Cisco Certified,CIMA UK,1987
1496,Cisco Certified,CIMA UK,1987
1496,CIMA,SLNMC,2022
1502,AWS Certified,PMI,1987
1503,Cisco Certified,AWS,1993
1506,AWS Certified,Cisco,1994
1526,Welding Certification,SLBFE,1985
1531,Electrical Certification,SLBFE,2000
1538,Nursing License,CIMA UK,2024
1538,Nursing License,Cisco,1993
1540,AWS Certified,SLNMC,2024
1540,PMP,SLBFE,1981
1541,Welding Certification,SLBFE,1990
1547,Welding Certification,SLBFE,2001
1548,Cisco Certified,SLNMC,1987
1548,Plumbing Certification,SLBFE,2019
1550,PMP,PMI,2023
1557,Plumbing Certification,SLBFE,1999
1559,AWS Certified,PMI,2020
1570,Nursing License,SLNMC,2011
1570,CIMA,CIMA UK,2012
1578,CIMA,Cisco,2017
1578,PMP,SLBFE,1986
1584,Electrical Certification,SLBFE,2020
1586,CPA,SLBFE,2024
1587,CPA,AWS,2006
1592,Cisco Certified,CIMA UK,2007
1592,Welding Certification,SLBFE,2009
1596,Electrical Certification,SLBFE,2007
1600,Cisco Certified,ICASL,1983
1601,CIMA,CIMA UK,2016
1605,AWS Certified,CIMA UK,2012
1611,CPA,ICASL,2000
1612,Welding Certification,SLBFE,1989
1620,Nursing License,CIMA UK,2003
1634,PMP,AWS,2006
1635,Electrical Certification,SLBFE,2023
1648,Electrical Certification,SLBFE,2024
1653,Welding Certification,SLBFE,2014
1653,CPA,ICASL,1995
1654,CPA,Cisco,1996
1662,Welding Certification,SLBFE,1980
1666,Plumbing Certification,SLBFE,2001
1674,AWS Certified,Cisco,1994
1685,Electrical Certification,SLBFE,2020
1686,CPA,SLNMC,2007
1686,AWS Certified,SLBFE,2011
1687,AWS Certified,SLBFE,1993
1693,Welding Certification,SLBFE,1997
1694,Electrical Certification,SLBFE,2023
1699,Electrical Certification,SLBFE,1991
1704,Nursing License,CIMA UK,1980
1704,Welding Certification,SLBFE,2017
1717,Electrical Certification,SLBFE,1997
1718,Electrical Certification,SLBFE,2015
1725,AWS Certified,SLBFE,1992
1738,CIMA,AWS,1981
1739,Cisco Certified,ICASL,2000
1742,Plumbing Certification,SLBFE,1991
1742,CPA,SLNMC,1985
1756,Nursing License,CIMA UK,2021
1771,Plumbing Certification,SLBFE,1983
1776,AWS Certified,AWS,2017
1776,Driving License,SLBFE,2000
1782,Driving License,SLBFE,1987
1787,AWS Certified,SLBFE,2025
1787,Welding Certification,SLBFE,2021
1790,AWS Certified,PMI,2001
1792,Nursing License,AWS,2004
1801,Cisco Certified,Cisco,2004
1801,Cisco Certified,CIMA UK,1993
1804,Plumbing Certification,SLBFE,2008
1805,PMP,SLBFE,1980
1806,Nursing License,ICASL,1988
1806,CIMA,CIMA UK,1994
1807,CPA,PMI,2019
1807,Welding Certification,SLBFE,2009
1817,Plumbing Certification,SLBFE,2006
1817,Welding Certification,SLBFE,2001
1819,Cisco Certified,Cisco,1986
1819,Driving License,SLBFE,2024
1820,Welding Certification,SLBFE,2021
1820,Welding Certification,SLBFE,1988
1821,CIMA,Cisco,1985
1821,Electrical Certification,SLBFE,1994
1825,AWS Certified,AWS,2023
1828,Driving License,SLBFE,2017
1830,CIMA,ICASL,2010
1830,AWS Certified,AWS,1986
1834,Driving License,SLBFE,2002
1836,AWS Certified,SLNMC,1987
1842,Electrical Certification,SLBFE,1987
1851,Plumbing Certification,SLBFE,1988
1853,CIMA,AWS,2023
1857,Nursing License,PMI,2008
1857,CIMA,ICASL,2000
1859,Driving License,SLBFE,2004
1869,Electrical Certification,SLBFE,1988
1878,PMP,Cisco,1987
1880,Plumbing Certification,SLBFE,1992
1885,CIMA,AWS,2003
1895,CIMA,SLNMC,2011
1895,PMP,Cisco,2003
1897,AWS Certified,SLBFE,2016
1903,PMP,CIMA UK,2020
1903,PMP,SLBFE,2004
1905,Cisco Certified,SLBFE,1995
1915,PMP,CIMA UK,2004
1915,Cisco Certified,SLNMC,2001
1917,Driving License,SLBFE,1991
1937,Electrical Certification,SLBFE,1989
1941,Electrical Certification,SLBFE,1999
1941,Electrical Certification,SLBFE,2007
1943,CIMA,AWS,2000
1948,PMP,Cisco,2006
1963,Cisco Certified,AWS,1992
1974,PMP,CIMA UK,1982
1984,AWS Certified,AWS,2003
1985,Cisco Certified,ICASL,2007
1986,CIMA,Cisco,1999
1987,PMP,PMI,1996
1991,Plumbing Certification,SLBFE,2000
1992,CIMA,Cisco,1982
1994,CIMA,SLNMC,2008
1995,AWS Certified,Cisco,2019
1995,Electrical Certification,SLBFE,1999
2007,Plumbing Certification,SLBFE,1990
2015,AWS Certified,Cisco,2006
2016,Cisco Certified,Cisco,1987
2021,PMP,CIMA UK,2010
2024,Welding Certification,SLBFE,2022
2027,AWS Certified,AWS,1982
2028,Welding Certification,SLBFE,2008
2028,Nursing License,ICASL,1994
2030,Welding Certification,SLBFE,2005
2031,PMP,ICASL,2000
2032,Nursing License,PMI,2021
2034,Plumbing Certification,SLBFE,2025
2038,AWS Certified,Cisco,2014
2045,Driving License,SLBFE,1996
2058,AWS Certified,AWS,2021
2068,Electrical Certification,SLBFE,2017
2071,Driving License,SLBFE,2025
2071,Welding Certification,SLBFE,2014
2079,Cisco Certified,PMI,2013
2085,Welding Certification,SLBFE,2015
2095,CPA,SLNMC,2010
2102,Nursing License,SLBFE,2012
2103,Electrical Certification,SLBFE,2022
2105,AWS Certified,SLBFE,2023
2114,Electrical Certification,SLBFE,2000
2119,Cisco Certified,AWS,2008
2127,CPA,SLNMC,2007
2127,Cisco Certified,PMI,1986
2131,Driving License,SLBFE,1999
2133,Electrical Certification,SLBFE,2017
2135,Driving License,SLBFE,2014
2135,CPA,CIMA UK,2024
2136,CPA,Cisco,2008
2140,PMP,PMI,2013
2140,Welding Certification,SLBFE,2018
2141,PMP,CIMA UK,1996
2141,PMP,PMI,1996
2146,Electrical Certification,SLBFE,2016
2149,Nursing License,SLNMC,2006
2153,Plumbing Certification,SLBFE,1983
2155,AWS Certified,SLNMC,1995
2162,Driving License,SLBFE,1991
2166,Electrical Certification,SLBFE,2011
2167,Electrical Certification,SLBFE,2006
2170,Plumbing Certification,SLBFE,2023
2174,Welding Certification,SLBFE,1990
2175,PMP,AWS,2004
2181,CIMA,ICASL,1988
2181,Cisco Certified,SLBFE,2020
2197,Nursing License,SLNMC,2022
2198,Driving License,SLBFE,1996
2199,CPA,AWS,1991
2199,CIMA,SLNMC,2019
2201,Driving License,SLBFE,2023
2203,Electrical Certification,SLBFE,1981
2206,CPA,PMI,1995
2206,CPA,ICASL,2011
2216,AWS Certified,SLBFE,1996
2217,CIMA,CIMA UK,2023
2217,CPA,SLBFE,2007
2221,PMP,ICASL,1980
2222,CIMA,AWS,2022
2222,Electrical Certification,SLBFE,1984
2224,Nursing License,SLBFE,2018
2224,Welding Certification,SLBFE,2015
2229,Plumbing Certification,SLBFE,1995
2229,Nursing License,PMI,2023
2233,Electrical Certification,SLBFE,2023
2248,AWS Certified,CIMA UK,2017
2248,Driving License,SLBFE,1991
2249,Welding Certification,SLBFE,2011
2254,Welding Certification,SLBFE,1999
2255,AWS Certified,CIMA UK,1996
2257,PMP,CIMA UK,2001
2258,Nursing License,SLNMC,1988
2260,Welding Certification,SLBFE,2016
2261,PMP,CIMA UK,1982
2262,PMP,Cisco,1994
2263,Plumbing Certification,SLBFE,1981
2263,Driving License,SLBFE,2016
2270,PMP,SLNMC,2009
2271,Cisco Certified,Cisco,1982
2273,Welding Certification,SLBFE,2015
2278,Electrical Certification,SLBFE,1984
2278,Welding Certification,SLBFE,2019
2279,AWS Certified,SLNMC,1989
2284,Electrical Certification,SLBFE,2005
2293,Plumbing Certification,SLBFE,1982
2297,Nursing License,PMI,2001
2299,Plumbing Certification,SLBFE,2014
2306,Cisco Certified,CIMA UK,2017
2331,Driving License,SLBFE,1996
2333,Cisco Certified,ICASL,1983
2333,Welding Certification,SLBFE,2003
2336,PMP,AWS,1995
2342,Plumbing Certification,SLBFE,2014
2346,Driving License,SLBFE,2013
2346,Plumbing Certification,SLBFE,2022
2373,Driving License,SLBFE,1986
2374,Electrical Certification,SLBFE,2020
2381,AWS Certified,AWS,2024
2383,CIMA,Cisco,2010
2392,Welding Certification,SLBFE,2008
2394,CIMA,PMI,1985
2395,Welding Certification,SLBFE,2015
2398,CPA,Cisco,2007
2398,PMP,AWS,1999
2407,Plumbing Certification,SLBFE,2023
2413,Welding Certification,SLBFE,1991
2414,Cisco Certified,PMI,1988
2417,Electrical Certification,SLBFE,2021
2418,Nursing License,ICASL,2010
2419,Welding Certification,SLBFE,1984
2419,Plumbing Certification,SLBFE,1997
2428,Driving License,SLBFE,1991
2428,Nursing License,SLBFE,1989
2432,Cisco Certified,AWS,2019
2445,Welding Certification,SLBFE,2010
2445,AWS Certified,CIMA UK,1989
2460,AWS Certified,SLBFE,1998
2462,AWS Certified,SLNMC,1986
2462,PMP,Cisco,2011
2476,AWS Certified,CIMA UK,1985
2477,Cisco Certified,PMI,2023
2484,CIMA,Cisco,2016
2484,AWS Certified,Cisco,1984
2492,CIMA,PMI,2018
2492,Driving License,SLBFE,2013
2501,Electrical Certification,SLBFE,1980
2501,Driving License,SLBFE,2008
2502,AWS Certified,AWS,2022
2510,Nursing License,PMI,1994
2522,Cisco Certified,CIMA UK,2019
2529,CIMA,CIMA UK,1987
2530,AWS Certified,PMI,2014
2531,Cisco Certified,SLNMC,2019
2532,Plumbing Certification,SLBFE,2018
2533,Welding Certification,SLBFE,1981
2538,AWS Certified,PMI,1988
2540,CIMA,PMI,2010
2558,CIMA,ICASL,1988
2560,PMP,Cisco,2003
2562,CPA,CIMA UK,2015
2563,Cisco Certified,Cisco,2024
2563,Cisco Certified,AWS,1987
2571,Nursing License,SLBFE,2010
2571,AWS Certified,ICASL,1999
2580,Nursing License,SLBFE,1987
2586,Plumbing Certification,SLBFE,1987
2586,AWS Certified,AWS,2023
2589,Electrical Certification,SLBFE,1990
2589,AWS Certified,AWS,2011
2601,Electrical Certification,SLBFE,1984
2601,Welding Certification,SLBFE,1984
2602,CIMA,CIMA UK,2013
2605,Electrical Certification,SLBFE,2017
2616,PMP,CIMA UK,1987
2618,AWS Certified,PMI,1992
2620,Cisco Certified,PMI,1989
2622,AWS Certified,PMI,1984
2623,PMP,SLBFE,2003
2638,CPA,ICASL,1994
2643,Cisco Certified,AWS,1981
2646,CIMA,SLBFE,1995
2648,CIMA,PMI,2006
2651,AWS Certified,CIMA UK,2021
2657,PMP,CIMA UK,1995
2665,CPA,SLBFE,2003
2668,Nursing License,SLBFE,2020
2671,CIMA,SLBFE,1992
2671,Plumbing Certification,SLBFE,2017
2672,Driving License,SLBFE,1988
2680,Electrical Certification,SLBFE,2015
2680,CIMA,Cisco,1994
2684,Cisco Certified,SLBFE,1993
2687,PMP,AWS,2017
2689,Electrical Certification,SLBFE,2025
2692,Cisco Certified,CIMA UK,1993
2692,CIMA,PMI,2023
2701,Cisco Certified,Cisco,1983
2701,CIMA,SLBFE,2013
2702,CPA,PMI,2024
2710,CIMA,SLNMC,1997
2710,AWS Certified,SLBFE,2024
2711,CIMA,SLBFE,1999
2712,AWS Certified,Cisco,1994
2728,Electrical Certification,SLBFE,1994
2728,Welding Certification,SLBFE,1983
2731,Driving License,SLBFE,1996
2731,Plumbing Certification,SLBFE,2021
2736,AWS Certified,Cisco,1999
2737,PMP,AWS,2020
2737,CPA,PMI,1980
2742,AWS Certified,AWS,2021
2761,Electrical Certification,SLBFE,2024
2761,Driving License,SLBFE,1994
2765,Plumbing Certification,SLBFE,1987
2767,Plumbing Certification,SLBFE,1981
2767,Electrical Certification,SLBFE,2002
2774,Cisco Certified,PMI,1987
2775,CIMA,CIMA UK,1997
2775,Nursing License,Cisco,2010
2776,Driving License,SLBFE,2006
2782,Plumbing Certification,SLBFE,1982
2783,CPA,SLBFE,2015
2784,Welding Certification,SLBFE,2025
2785,AWS Certified,ICASL,2002
2798,AWS Certified,PMI,2008
2800,CIMA,SLNMC,1985
2804,Plumbing Certification,SLBFE,2004
2810,Welding Certification,SLBFE,2006
2810,Nursing License,PMI,1990
2815,Nursing License,SLBFE,1985
2821,AWS Certified,SLBFE,2009
2821,Driving License,SLBFE,2011
2824,Cisco Certified,SLBFE,2007
2832,CPA,CIMA UK,2005
2841,Nursing License,ICASL,1984
2845,AWS Certified,ICASL,1985
2855,Plumbing Certification,SLBFE,1995
2855,Plumbing Certification,SLBFE,2006
2885,Nursing License,Cisco,2012
2887,Plumbing Certification,SLBFE,2001
2890,Cisco Certified,AWS,2015
2892,Cisco Certified,PMI,1994
2893,Nursing License,SLNMC,2024
2896,CIMA,AWS,2005
2901,Nursing License,CIMA UK,2016
2903,Welding Certification,SLBFE,2002
2905,Cisco Certified,SLBFE,2014
2912,Driving License,SLBFE,2013
2920,Welding Certification,SLBFE,1985
2932,Cisco Certified,SLBFE,1989
2934,Driving License,SLBFE,1983
2935,CIMA,Cisco,1982
2940,Cisco Certified,SLBFE,2017
2940,Cisco Certified,CIMA UK,2006
2943,PMP,SLBFE,2001
2945,Electrical Certification,SLBFE,2004
2945,Nursing License,Cisco,2009
2949,Cisco Certified,CIMA UK,1996
2952,Cisco Certified,CIMA UK,1980
2959,Electrical Certification,SLBFE,2001
2962,Cisco Certified,SLNMC,1980
2967,Driving License,SLBFE,2019
2975,AWS Certified,PMI,2021
2975,PMP,CIMA UK,2014
2980,Plumbing Certification,SLBFE,2009
2982,Cisco Certified,SLNMC,1984
2982,CIMA,PMI,2002
2983,AWS Certified,ICASL,2022
2986,Cisco Certified,ICASL,2002
2986,Cisco Certified,Cisco,1980
2991,CPA,Cisco,2006
2992,Driving License,SLBFE,1991
2993,Electrical Certification,SLBFE,2023
2996,PMP,SLNMC,1988
2996,Nursing License,CIMA UK,2001
2997,PMP,Cisco,2004
3000,Plumbing Certification,SLBFE,2011
3005,AWS Certified,Cisco,1992
3009,CPA,SLNMC,1983
3009,Plumbing Certification,SLBFE,2012
3011,Cisco Certified,ICASL,1989
3011,PMP,PMI,2014
3022,CPA,SLNMC,2016
3034,CIMA,PMI,2022
3037,Driving License,SLBFE,2010
3037,PMP,SLNMC,2025
3039,PMP,PMI,1983
3045,CIMA,SLBFE,2015
3046,Electrical Certification,SLBFE,2016
3047,Nursing License,AWS,2025
3048,Nursing License,ICASL,1999
3048,Driving License,SLBFE,2006
3050,Plumbing Certification,SLBFE,2004
3051,AWS Certified,AWS,1980
3055,CIMA,SLNMC,1984
3055,Welding Certification,SLBFE,1985
3056,Welding Certification,SLBFE,2003
3058,Cisco Certified,SLNMC,2023
3058,AWS Certified,PMI,1982
3065,Electrical Certification,SLBFE,1990
3065,Nursing License,PMI,2012
3067,Electrical Certification,SLBFE,2002
3068,Cisco Certified,CIMA UK,1986
3068,Plumbing Certification,SLBFE,2004
3073,AWS Certified,AWS,2001
3074,PMP,Cisco,2023
3077,Welding Certification,SLBFE,2014
3079,CIMA,AWS,2017
3079,Cisco Certified,ICASL,1995
3081,AWS Certified,Cisco,2021
3081,PMP,SLBFE,2003
3098,Electrical Certification,SLBFE,1994
3098,Electrical Certification,SLBFE,2016
3109,Driving License,SLBFE,1989
3109,Plumbing Certification,SLBFE,2018
3112,Cisco Certified,SLNMC,1998
3116,CIMA,PMI,1980
3117,AWS Certified,Cisco,2017
3126,AWS Certified,SLBFE,2015
3127,AWS Certified,SLBFE,2003
3127,AWS Certified,PMI,1994
3133,Driving License,SLBFE,1985
3141,Electrical Certification,SLBFE,2021
3144,Cisco Certified,SLBFE,2011
3145,Electrical Certification,SLBFE,1999
3147,Cisco Certified,CIMA UK,1993
3155,Welding Certification,SLBFE,2006
3161,Driving License,SLBFE,2013
3168,CIMA,AWS,1997
3171,Plumbing Certification,SLBFE,2008
3172,Welding Certification,SLBFE,1994
3172,Driving License,SLBFE,2010
3174,AWS Certified,PMI,2001
3174,Welding Certification,SLBFE,2002
3175,CIMA,PMI,1987
3175,Plumbing Certification,SLBFE,2023
3178,CIMA,Cisco,1992
3187,CIMA,Cisco,2003
3191,CPA,SLBFE,1981
3191,Nursing License,AWS,2021
3216,Welding Certification,SLBFE,1983
3224,PMP,SLBFE,2019
3227,Electrical Certification,SLBFE,2024
3230,AWS Certified,CIMA UK,2017
3244,Driving License,SLBFE,2008
3245,Cisco Certified,AWS,2021
3245,Electrical Certification,SLBFE,2004
3246,AWS Certified,SLNMC,2017
3249,Cisco Certified,AWS,2018
3255,AWS Certified,PMI,2012
3259,Welding Certification,SLBFE,1990
3260,AWS Certified,ICASL,2007
3266,Plumbing Certification,SLBFE,1992
3268,CIMA,PMI,1990
3271,Plumbing Certification,SLBFE,2019
3274,Welding Certification,SLBFE,1987
3276,Cisco Certified,AWS,2007
3284,Driving License,SLBFE,2013
3284,Driving License,SLBFE,2023
3289,AWS Certified,Cisco,1987
3299,Welding Certification,SLBFE,2021
3306,Plumbing Certification,SLBFE,1996
3306,CIMA,CIMA UK,2007
3311,Plumbing Certification,SLBFE,2016
3317,Electrical Certification,SLBFE,2024
3319,Driving License,SLBFE,1982
3321,AWS Certified,SLNMC,1995
3325,PMP,CIMA UK,1990
3325,Driving License,SLBFE,2019
3328,Electrical Certification,SLBFE,1993
3328,Welding Certification,SLBFE,2013
3329,Plumbing Certification,SLBFE,1988
3331,Electrical Certification,SLBFE,1996
3331,Electrical Certification,SLBFE,2019
3332,Welding Certification,SLBFE,2025
3335,CIMA,CIMA UK,2012
3335,Plumbing Certification,SLBFE,1990
3338,Plumbing Certification,SLBFE,1996
3342,Driving License,SLBFE,1999
3347,Welding Certification,SLBFE,2020
3351,Electrical Certification,SLBFE,2010
3354,Electrical Certification,SLBFE,1990
3358,Cisco Certified,PMI,1980
3365,Plumbing Certification,SLBFE,2019
3374,Driving License,SLBFE,2022
3375,PMP,ICASL,1984
3381,Plumbing Certification,SLBFE,1981
3387,Cisco Certified,Cisco,1984
3393,Cisco Certified,CIMA UK,1998
3396,Cisco Certified,SLNMC,2003
3398,PMP,SLNMC,2009
3404,PMP,SLNMC,2021
3411,Cisco Certified,Cisco,2015
3419,Electrical Certification,SLBFE,2024
3420,CIMA,ICASL,2001
3426,Driving License,SLBFE,2023
3431,AWS Certified,SLBFE,1996
3437,Cisco Certified,AWS,2014
3437,Electrical Certification,SLBFE,1997
3448,CIMA,PMI,2007
3455,Welding Certification,SLBFE,2005
3459,Plumbing Certification,SLBFE,2025
3459,Cisco Certified,SLBFE,1985
3471,Driving License,SLBFE,1982
3473,Welding Certification,SLBFE,1991
3473,Driving License,SLBFE,1996
3486,CIMA,SLNMC,2003
3495,Cisco Certified,SLNMC,1987
3504,CPA,SLBFE,2014
3511,AWS Certified,SLNMC,1990
3512,Nursing License,CIMA UK,2012
3515,Plumbing Certification,SLBFE,1989
3517,Welding Certification,SLBFE,2008
3517,Driving License,SLBFE,1984
3528,AWS Certified,Cisco,2011
3543,Plumbing Certification,SLBFE,1996
3546,Electrical Certification,SLBFE,2020
3553,Cisco Certified,CIMA UK,1993
3558,AWS Certified,SLNMC,1991
3559,CPA,SLBFE,2009
3560,Electrical Certification,SLBFE,2019
3562,Electrical Certification,SLBFE,1994
3572,Nursing License,SLNMC,2010
3572,Welding Certification,SLBFE,2000
3578,Welding Certification,SLBFE,2017
3578,Cisco Certified,SLBFE,1999
3579,Plumbing Certification,SLBFE,2002
3585,CPA,ICASL,2015
3600,Nursing License,PMI,1983
3614,Driving License,SLBFE,2003
3614,Nursing License,AWS,2013
3630,Driving License,SLBFE,1986
3631,CPA,PMI,2006
3636,Electrical Certification,SLBFE,2006
3641,Nursing License,CIMA UK,2012
3641,Electrical Certification,SLBFE,2010
3644,Plumbing Certification,SLBFE,1993
3645,Driving License,SLBFE,1987
3648,Electrical Certification,SLBFE,2007
3648,CIMA,Cisco,1990
3653,Driving License,SLBFE,2010
3656,Electrical Certification,SLBFE,2011
3661,PMP,AWS,1988
3665,PMP,CIMA UK,1998
3665,Nursing License,ICASL,2014
3671,Electrical Certification,SLBFE,2022
3672,Cisco Certified,CIMA UK,1983
3672,Welding Certification,SLBFE,2008
3673,Cisco Certified,ICASL,2009
3674,CIMA,ICASL,2004
3675,Plumbing Certification,SLBFE,1992
3675,Electrical Certification,SLBFE,1986
3676,Driving License,SLBFE,2012
3680,CIMA,PMI,1987
3681,AWS Certified,PMI,1988
3691,CIMA,ICASL,2018
3691,Nursing License,AWS,1991
3695,Driving License,SLBFE,1990
3695,CIMA,SLBFE,1995
3702,PMP,PMI,2005
3712,Driving License,SLBFE,1992
3724,Welding Certification,SLBFE,1999
3726,CPA,ICASL,2010
3726,PMP,AWS,1985
3730,CPA,CIMA UK,2014
3730,Cisco Certified,PMI,2019
3732,Driving License,SLBFE,1993
3735,CIMA,SLNMC,2003
3735,CPA,ICASL,1989
3736,PMP,ICASL,1988
3737,CPA,PMI,2001
3745,CPA,ICASL,2023
3748,Electrical Certification,SLBFE,1997
3753,Welding Certification,SLBFE,1988
3755,CIMA,PMI,2007
3758,Cisco Certified,SLBFE,1981
3758,Electrical Certification,SLBFE,1985
3760,AWS Certified,ICASL,2005
3763,Driving License,SLBFE,2005
3763,Plumbing Certification,SLBFE,2025
3770,Cisco Certified,ICASL,1995
3773,Nursing License,SLBFE,2005
3774,AWS Certified,Cisco,1985
3782,Electrical Certification,SLBFE,1985
3782,Nursing License,SLBFE,2018
3783,Driving License,SLBFE,2009
3786,Electrical Certification,SLBFE,2000
3787,Nursing License,Cisco,1983
3787,Welding Certification,SLBFE,2001
3788,Welding Certification,SLBFE,1984
3792,CIMA,SLBFE,1998
3792,Plumbing Certification,SLBFE,2001
3796,Cisco Certified,CIMA UK,1990
3799,Plumbing Certification,SLBFE,2019
3807,Cisco Certified,SLBFE,2023
3807,Electrical Certification,SLBFE,2017
3812,AWS Certified,ICASL,2022
3817,Plumbing Certification,SLBFE,1987
3824,Driving License,SLBFE,2006
3825,PMP,CIMA UK,1989
3832,Nursing License,SLBFE,1986
3837,Driving License,SLBFE,1990
3838,Nursing License,PMI,1985
3838,Plumbing Certification,SLBFE,2013
3839,Welding Certification,SLBFE,2006
3852,Plumbing Certification,SLBFE,1995
3852,Nursing License,ICASL,1981
3860,Nursing License,PMI,1984
3861,Welding Certification,SLBFE,2024
3861,CIMA,SLBFE,1998
3866,PMP,Cisco,2000
3866,AWS Certified,AWS,1985
3871,CIMA,ICASL,2001
3878,CPA,AWS,1995
3879,Welding Certification,SLBFE,2014
3891,CIMA,PMI,1993
3893,CPA,AWS,2000
3894,CIMA,CIMA UK,1989
3896,AWS Certified,PMI,1993
3898,Cisco Certified,AWS,2017
3908,Welding Certification,SLBFE,1998
3910,CIMA,ICASL,2003
3918,CIMA,SLNMC,2002
3920,AWS Certified,SLBFE,1990
3928,Electrical Certification,SLBFE,2019
3931,Nursing License,SLBFE,2002
3934,Electrical Certification,SLBFE,2015
3934,Driving License,SLBFE,1985
3944,CIMA,ICASL,2006
3944,Driving License,SLBFE,2008
3945,Cisco Certified,AWS,2007
3947,Cisco Certified,Cisco,2021
3958,PMP,AWS,2000
3962,Plumbing Certification,SLBFE,2005
3963,Nursing License,AWS,2017
3977,Cisco Certified,SLBFE,2000
3977,Cisco Certified,PMI,1982
3991,AWS Certified,Cisco,1985
4004,Cisco Certified,AWS,2008
4004,CIMA,Cisco,1999
4007,PMP,CIMA UK,2012
4007,AWS Certified,Cisco,2021
4019,Nursing License,Cisco,2011
4028,CPA,Cisco,1988
4028,Cisco Certified,Cisco,1997
4041,Welding Certification,SLBFE,2004
4043,PMP,SLNMC,2008
4046,Driving License,SLBFE,1985
4049,Cisco Certified,CIMA UK,2004
4052,CPA,CIMA UK,2002
4053,Welding Certification,SLBFE,2009
4059,Driving License,SLBFE,1983
4059,AWS Certified,Cisco,2001
4067,CPA,AWS,2000
4069,Welding Certification,SLBFE,1988
4073,CPA,PMI,2021
4074,Cisco Certified,PMI,1999
4075,CPA,Cisco,2012
4078,CIMA,ICASL,2007
4090,Welding Certification,SLBFE,2019
4091,Nursing License,Cisco,2021
4096,PMP,SLNMC,2001
4098,Electrical Certification,SLBFE,2004
4109,Driving License,SLBFE,2024
4110,Plumbing Certification,SLBFE,2023
4113,Driving License,SLBFE,2003
4114,Plumbing Certification,SLBFE,2019
4118,Cisco Certified,PMI,2024
4118,CIMA,SLNMC,1993
4120,Plumbing Certification,SLBFE,1997
4121,Driving License,SLBFE,2007
4125,CIMA,SLBFE,2018
4125,AWS Certified,SLBFE,2007
4129,Driving License,SLBFE,1989
4129,AWS Certified,Cisco,1982
4134,Electrical Certification,SLBFE,2020
4135,Electrical Certification,SLBFE,1980
4137,CPA,PMI,2011
4138,AWS Certified,SLNMC,1982
4138,Cisco Certified,AWS,1999
4139,CIMA,CIMA UK,2001
4143,Welding Certification,SLBFE,1987
4145,CPA,ICASL,2003
4145,Electrical Certification,SLBFE,2023
4146,Plumbing Certification,SLBFE,2010
4185,Plumbing Certification,SLBFE,1991
4190,CIMA,Cisco,2002
4191,Driving License,SLBFE,2004
4195,Welding Certification,SLBFE,1997
4199,Welding Certification,SLBFE,2022
4199,Nursing License,ICASL,2005
4202,Welding Certification,SLBFE,1998
4203,Electrical Certification,SLBFE,1988
4204,CIMA,SLNMC,1992
4206,Cisco Certified,SLNMC,1999
4206,CPA,Cisco,1998
4207,Cisco Certified,SLBFE,1982
4210,Plumbing Certification,SLBFE,2009
4214,Nursing License,ICASL,2018
4215,Welding Certification,SLBFE,1981
4223,Welding Certification,SLBFE,2016
4229,CIMA,Cisco,2016
4232,Plumbing Certification,SLBFE,1994
4237,CPA,AWS,1997
4238,PMP,PMI,1987
4241,PMP,SLNMC,2012
4242,CIMA,AWS,2024
4243,Plumbing Certification,SLBFE,2022
4243,Welding Certification,SLBFE,1990
4245,PMP,PMI,2016
4247,Plumbing Certification,SLBFE,2000
4252,CIMA,CIMA UK,2024
4256,Cisco Certified,Cisco,2012
4258,Electrical Certification,SLBFE,2012
4260,Welding Certification,SLBFE,2006
4263,Cisco Certified,SLNMC,1988
4268,Plumbing Certification,SLBFE,1989
4270,Welding Certification,SLBFE,1999
4270,CIMA,SLBFE,2006
4271,CIMA,SLNMC,1994
4278,AWS Certified,AWS,2013
4278,Nursing License,ICASL,2018
4282,Electrical Certification,SLBFE,1985
4286,AWS Certified,SLBFE,2004
4288,Electrical Certification,SLBFE,1983
4293,Electrical Certification,SLBFE,2004
4293,Electrical Certification,SLBFE,1988
4298,PMP,SLNMC,1997
4301,AWS Certified,ICASL,1991
4301,Electrical Certification,SLBFE,2003
4302,PMP,AWS,2010
4303,CPA,AWS,2002
4303,Cisco Certified,SLNMC,2025
4312,Electrical Certification,SLBFE,2023
4315,PMP,PMI,1998
4316,PMP,ICASL,2005
4321,Electrical Certification,SLBFE,1995
4330,AWS Certified,CIMA UK,1988
4330,CIMA,ICASL,1983
4334,Driving License,SLBFE,1982
4344,Cisco Certified,CIMA UK,1981
4344,CIMA,SLNMC,2021
4345,Driving License,SLBFE,2021
4360,CPA,CIMA UK,2013
4368,PMP,SLNMC,1999
4369,Cisco Certified,ICASL,1995
4369,CIMA,SLNMC,2000
4370,Driving License,SLBFE,2011
4375,Cisco Certified,SLBFE,2010
4386,Welding Certification,SLBFE,2005
4387,PMP,SLBFE,2001
4389,Cisco Certified,AWS,2022
4389,AWS Certified,Cisco,1986
4394,Nursing License,PMI,1992
4394,Welding Certification,SLBFE,2002
4396,Plumbing Certification,SLBFE,2012
4404,Nursing License,PMI,1998
4407,Plumbing Certification,SLBFE,2007
4411,Nursing License,Cisco,1998
4413,PMP,ICASL,1987
4416,CPA,SLNMC,2000
4423,Electrical Certification,SLBFE,1999
4423,PMP,ICASL,1984
4424,Plumbing Certification,SLBFE,2024
4424,Cisco Certified,CIMA UK,1996
4427,Plumbing Certification,SLBFE,2001
4439,CPA,Cisco,2025
4439,CPA,SLBFE,2023
4447,Driving License,SLBFE,2019
4449,CIMA,SLNMC,1991
4450,Plumbing Certification,SLBFE,2014
4454,Plumbing Certification,SLBFE,1987
4462,AWS Certified,SLBFE,1999
4465,Cisco Certified,ICASL,1990
4465,CPA,Cisco,2022
4470,Electrical Certification,SLBFE,2001
4472,Driving License,SLBFE,2001
4474,CIMA,PMI,1995
4475,Plumbing Certification,SLBFE,2002
4475,CIMA,PMI,2007
4491,Electrical Certification,SLBFE,2025
4492,Driving License,SLBFE,2009
4492,CPA,AWS,2023
4498,CPA,CIMA UK,1989
4506,Nursing License,ICASL,2010
4509,CPA,SLNMC,2010
4510,Welding Certification,SLBFE,1986
4524,CIMA,ICASL,2022
4527,CIMA,CIMA UK,2004
4530,Driving License,SLBFE,1989
4541,PMP,CIMA UK,2016
4546,CPA,AWS,1995
4546,AWS Certified,CIMA UK,1992
4552,CIMA,PMI,1980
4560,Welding Certification,SLBFE,2000
4566,Cisco Certified,SLNMC,2009
4568,CPA,Cisco,2002
4569,Welding Certification,SLBFE,2015
4573,Plumbing Certification,SLBFE,1988
4575,Plumbing Certification,SLBFE,1992
4579,Welding Certification,SLBFE,1989
4589,Plumbing Certification,SLBFE,2017
4591,PMP,Cisco,2006
4592,CIMA,Cisco,2005
4596,CIMA,CIMA UK,2021
4599,AWS Certified,SLBFE,2020
4611,CPA,AWS,1985
4611,Welding Certification,SLBFE,1985
4625,Driving License,SLBFE,1996
4627,CIMA,AWS,1992
4627,Driving License,SLBFE,2023
4630,Driving License,SLBFE,1998
4636,PMP,PMI,2020
4637,Plumbing Certification,SLBFE,2023
4639,CIMA,Cisco,2001
4641,Welding Certification,SLBFE,2007
4644,Cisco Certified,SLBFE,1995
4663,PMP,SLNMC,1996
4663,Cisco Certified,PMI,1987
4669,Welding Certification,SLBFE,2022
4677,Driving License,SLBFE,2022
4680,CPA,ICASL,1980
4680,CPA,AWS,2009
4682,PMP,ICASL,2015
4689,Plumbing Certification,SLBFE,2023
4692,Electrical Certification,SLBFE,2000
4696,Driving License,SLBFE,1998
4699,CIMA,AWS,2008
4699,Driving License,SLBFE,2024
4709,Driving License,SLBFE,2000
4710,AWS Certified,PMI,2019
4710,Plumbing Certification,SLBFE,1991
4711,Welding Certification,SLBFE,2008
4716,Plumbing Certification,SLBFE,2017
4717,AWS Certified,AWS,2008
4730,AWS Certified,ICASL,2009
4736,Welding Certification,SLBFE,1988
4741,AWS Certified,ICASL,1995
4741,CPA,SLNMC,2022
4755,AWS Certified,AWS,1995
4757,Plumbing Certification,SLBFE,1990
4759,AWS Certified,SLBFE,1982
4759,Welding Certification,SLBFE,2014
4765,Driving License,SLBFE,1994
4765,Driving License,SLBFE,1988
4767,AWS Certified,SLBFE,2015
4769,Driving License,SLBFE,2015
4772,Cisco Certified,AWS,1993
4780,PMP,SLBFE,1987
4780,AWS Certified,Cisco,1994
4785,Cisco Certified,SLNMC,2023
4788,CIMA,AWS,2000
4792,CIMA,CIMA UK,2020
4793,CIMA,AWS,2004
4798,CPA,CIMA UK,2025
4798,Cisco Certified,CIMA UK,1987
4812,Electrical Certification,SLBFE,2010
4812,CPA,CIMA UK,2023
4817,AWS Certified,CIMA UK,1996
4818,Welding Certification,SLBFE,1996
4818,PMP,CIMA UK,2019
4829,Nursing License,CIMA UK,2007
4844,AWS Certified,PMI,1990
4856,CPA,SLBFE,1996
4858,Welding Certification,SLBFE,2021
4860,AWS Certified,SLBFE,2018
4860,PMP,AWS,2002
4864,Electrical Certification,SLBFE,2016
4868,CIMA,AWS,2002
4871,Nursing License,PMI,2023
4886,Electrical Certification,SLBFE,1982
4889,Electrical Certification,SLBFE,1996
4889,Driving License,SLBFE,1990
4894,CIMA,CIMA UK,1987
4896,PMP,CIMA UK,2025
4896,CPA,SLBFE,2017
4897,Cisco Certified,ICASL,1990
4901,AWS Certified,CIMA UK,1997
4902,Nursing License,PMI,2009
4902,CIMA,SLBFE,2018
4912,Cisco Certified,PMI,2015
4912,Electrical Certification,SLBFE,2001
4918,Nursing License,CIMA UK,2013
4926,Nursing License,AWS,2024
4931,CPA,PMI,2002
4941,Electrical Certification,SLBFE,1998
4943,CIMA,Cisco,2001
4952,Welding Certification,SLBFE,2024
4961,Nursing License,CIMA UK,2024
4966,CIMA,SLNMC,2008
4966,Nursing License,Cisco,2010
4969,CIMA,SLBFE,2004
4969,Driving License,SLBFE,2024
4993,PMP,Cisco,2005
5000,Cisco Certified,AWS,1980
5004,Plumbing Certification,SLBFE,2008
5004,Nursing License,SLBFE,1990
5009,CIMA,CIMA UK,1992
5013,CPA,SLNMC,1985
5013,Plumbing Certification,SLBFE,1991
5015,Electrical Certification,SLBFE,1997
5015,Nursing License,PMI,1991
5022,Welding Certification,SLBFE,2016
5026,Cisco Certified,SLBFE,2022
5029,PMP,Cisco,2002
5031,Nursing License,PMI,1992
5033,Cisco Certified,SLNMC,2025
5034,Cisco Certified,ICASL,1991
5043,Plumbing Certification,SLBFE,2001
5044,Cisco Certified,AWS,2011
5044,Electrical Certification,SLBFE,2024
5047,Nursing License,Cisco,2020
5047,CPA,ICASL,1991
5049,Electrical Certification,SLBFE,1996
5049,CIMA,CIMA UK,2013
5051,Nursing License,AWS,1991
5052,Welding Certification,SLBFE,2018
5053,Welding Certification,SLBFE,2019
5053,CIMA,ICASL,2005
5054,Plumbing Certification,SLBFE,1998
5056,AWS Certified,AWS,2013
5056,AWS Certified,SLBFE,2006
5074,Nursing License,PMI,1993
5081,AWS Certified,ICASL,2005
5083,AWS Certified,ICASL,2024
5083,PMP,SLNMC,1985
5084,Plumbing Certification,SLBFE,1990
5084,Nursing License,ICASL,1986
5094,Driving License,SLBFE,2013
5102,CPA,CIMA UK,1999
5102,Plumbing Certification,SLBFE,1997
5107,Plumbing Certification,SLBFE,1996
5107,Electrical Certification,SLBFE,2000
5113,CIMA,SLBFE,2013
5117,AWS Certified,SLNMC,2016
5121,AWS Certified,PMI,1999
5124,AWS Certified,AWS,1996
5149,Cisco Certified,ICASL,2000
5151,CPA,SLNMC,1983
5162,CPA,ICASL,1981
5162,Electrical Certification,SLBFE,1999
5170,CIMA,CIMA UK,2020
5172,CIMA,PMI,1997
5175,AWS Certified,Cisco,2024
5176,CPA,SLBFE,1986
5176,PMP,Cisco,1998
5178,CIMA,CIMA UK,1988
5180,PMP,SLNMC,1989
5186,Electrical Certification,SLBFE,1989
5188,Electrical Certification,SLBFE,2002
5195,Plumbing Certification,SLBFE,1997
5201,PMP,SLBFE,1982
5202,Electrical Certification,SLBFE,1993
5209,CPA,CIMA UK,2009
5211,Welding Certification,SLBFE,1983
5211,Plumbing Certification,SLBFE,1994
5216,Nursing License,CIMA UK,1996
5216,PMP,CIMA UK,2001
5218,CPA,Cisco,2005
5221,Cisco Certified,ICASL,2003
5221,PMP,CIMA UK,2006
5237,Cisco Certified,AWS,1995
5238,Plumbing Certification,SLBFE,2006
5238,AWS Certified,ICASL,2018
5241,CIMA,ICASL,1998
5243,Plumbing Certification,SLBFE,2000
5249,Driving License,SLBFE,2001
5254,Electrical Certification,SLBFE,2000
5256,AWS Certified,SLBFE,2013
5256,PMP,CIMA UK,2017
5258,Welding Certification,SLBFE,2017
5262,Cisco Certified,SLBFE,1987
5263,CPA,CIMA UK,2025
5271,Driving License,SLBFE,2012
5272,CIMA,Cisco,1990
5277,Plumbing Certification,SLBFE,2013
5292,Electrical Certification,SLBFE,2007
5306,CIMA,SLNMC,2017
5306,Driving License,SLBFE,2004
5314,AWS Certified,Cisco,2012
5324,CIMA,PMI,2010
5324,Driving License,SLBFE,2008
5334,Welding Certification,SLBFE,1986
5334,AWS Certified,ICASL,2012
5335,Welding Certification,SLBFE,1985
5335,Cisco Certified,Cisco,2013
5341,CIMA,PMI,2014
5343,PMP,SLBFE,2022
5343,Driving License,SLBFE,2025
5353,Nursing License,ICASL,2003
5353,AWS Certified,AWS,2007
5357,Plumbing Certification,SLBFE,1987
5359,Welding Certification,SLBFE,1997
5361,Plumbing Certification,SLBFE,2006
5370,Nursing License,ICASL,2020
5376,CIMA,SLNMC,2007
5396,Welding Certification,SLBFE,1986
5396,Welding Certification,SLBFE,1987
5402,Driving License,SLBFE,1995
5402,Cisco Certified,PMI,2007
5407,PMP,Cisco,2016
5410,CIMA,ICASL,1992
5412,Nursing License,PMI,2010
5412,Nursing License,CIMA UK,1996
5414,Electrical Certification,SLBFE,2017
5414,Driving License,SLBFE,2014
5417,Plumbing Certification,SLBFE,2022
5419,Electrical Certification,SLBFE,1985
5431,Cisco Certified,AWS,2011
5440,CPA,ICASL,1987
5451,Welding Certification,SLBFE,2009
5452,CIMA,ICASL,1980
5452,Electrical Certification,SLBFE,2010
5457,Nursing License,Cisco,2019
5463,Welding Certification,SLBFE,1997
5463,Electrical Certification,SLBFE,2017
5466,Plumbing Certification,SLBFE,2024
5470,Plumbing Certification,SLBFE,1990
5474,Electrical Certification,SLBFE,2017
5482,Driving License,SLBFE,1985
5482,CPA,SLBFE,1980
5483,Electrical Certification,SLBFE,2004
5488,Driving License,SLBFE,2000
5501,Plumbing Certification,SLBFE,1998
5501,CIMA,CIMA UK,2016
5504,Cisco Certified,ICASL,1988
5505,AWS Certified,Cisco,1998
5506,Welding Certification,SLBFE,1993
5510,AWS Certified,AWS,2004
5514,Electrical Certification,SLBFE,2007
5514,AWS Certified,SLNMC,2016
5520,Welding Certification,SLBFE,1985
5521,AWS Certified,SLBFE,1985
5521,PMP,ICASL,1992
5527,AWS Certified,Cisco,1998
5527,PMP,ICASL,2013
5532,Cisco Certified,CIMA UK,2020
5537,Nursing License,AWS,1986
5549,Plumbing Certification,SLBFE,1990
5553,Driving License,SLBFE,2018
5556,Driving License,SLBFE,2016
5557,Driving License,SLBFE,2008
5561,CIMA,AWS,1988
5574,Nursing License,CIMA UK,1998
5576,Driving License,SLBFE,2001
5586,CPA,SLNMC,2014
5586,Plumbing Certification,SLBFE,2003
5587,PMP,AWS,1988
5587,Cisco Certified,Cisco,1985
5588,AWS Certified,PMI,2021
5588,Driving License,SLBFE,2010
5591,Welding Certification,SLBFE,2024
5593,Nursing License,Cisco,2007
5600,Cisco Certified,SLBFE,1993
5602,CPA,PMI,2021
5607,Plumbing Certification,SLBFE,2009
5611,AWS Certified,PMI,2000
5611,Welding Certification,SLBFE,2005
5612,CIMA,SLBFE,2023
5616,Driving License,SLBFE,2016
5623,CIMA,Cisco,2000
5625,Nursing License,ICASL,1982
5627,PMP,SLBFE,2016
5627,Driving License,SLBFE,2023
5629,AWS Certified,SLBFE,1984
5629,Welding Certification,SLBFE,2004
5632,PMP,SLNMC,1980
5632,Cisco Certified,SLBFE,2020
5635,CPA,PMI,1989
5642,Electrical Certification,SLBFE,2025
5646,CIMA,ICASL,2023
5652,Cisco Certified,SLBFE,1982
5652,Electrical Certification,SLBFE,1991
5661,CIMA,ICASL,2006
5661,Nursing License,SLBFE,2021
5668,CIMA,AWS,1993
5668,Cisco Certified,SLBFE,1996
5675,Nursing License,SLNMC,1980
5685,PMP,Cisco,1989
5690,AWS Certified,SLNMC,1997
5700,CPA,SLBFE,2018
5701,Driving License,SLBFE,2005
5702,Electrical Certification,SLBFE,1986
5702,Cisco Certified,PMI,2022
5705,Cisco Certified,SLNMC,1988
5707,CIMA,AWS,2017
5712,CIMA,ICASL,2013
5715,CPA,AWS,1992
5722,CIMA,AWS,2001
5723,CIMA,PMI,2019
5734,Cisco Certified,PMI,2024
5735,Plumbing Certification,SLBFE,2007
5736,PMP,AWS,1983
5739,PMP,SLBFE,2022
5739,AWS Certified,Cisco,2010
5740,CIMA,PMI,1995
5745,Electrical Certification,SLBFE,1990
5748,Welding Certification,SLBFE,1981
5748,Electrical Certification,SLBFE,1984
5750,CPA,SLBFE,1980
5753,Electrical Certification,SLBFE,2013
5754,Plumbing Certification,SLBFE,2025
5756,Nursing License,PMI,2011
5766,Plumbing Certification,SLBFE,2012
5775,CIMA,PMI,2023
5780,Cisco Certified,SLNMC,2019
5782,Welding Certification,SLBFE,1998
5784,Driving License,SLBFE,1982
5784,PMP,SLBFE,2006
5789,Cisco Certified,CIMA UK,2002
5789,Welding Certification,SLBFE,2022
5790,PMP,Cisco,1989
5793,Electrical Certification,SLBFE,2014
5793,Cisco Certified,ICASL,2009
5796,Driving License,SLBFE,2012
5796,CIMA,ICASL,1991
5803,Welding Certification,SLBFE,1987
5805,Plumbing Certification,SLBFE,2019
5810,CPA,Cisco,1985
5811,Driving License,SLBFE,2010
5816,Electrical Certification,SLBFE,2000
5816,Plumbing Certification,SLBFE,1989
5817,PMP,CIMA UK,2006
5817,Driving License,SLBFE,1990
5823,Cisco Certified,AWS,2004
5823,Welding Certification,SLBFE,2004
5825,Cisco Certified,CIMA UK,1992
5828,Electrical Certification,SLBFE,2014
5828,Driving License,SLBFE,1985
5830,Welding Certification,SLBFE,1983
5843,PMP,ICASL,2024
5848,CIMA,AWS,2023
5850,CPA,ICASL,1996
5853,Nursing License,ICASL,1998
5856,CPA,Cisco,2019
5856,Driving License,SLBFE,2021
5859,Nursing License,Cisco,2002
5860,Plumbing Certification,SLBFE,2025
5860,Welding Certification,SLBFE,1989
5869,CPA,SLNMC,1984
5869,Electrical Certification,SLBFE,1989
5871,CPA,PMI,1985
5871,Nursing License,SLBFE,1981
5873,Welding Certification,SLBFE,2020
5881,CPA,PMI,1987
5885,CPA,PMI,2003
5887,CIMA,CIMA UK,2020
5887,Cisco Certified,PMI,1994
5902,Electrical Certification,SLBFE,2019
5903,Plumbing Certification,SLBFE,2018
5905,Nursing License,CIMA UK,2014
5906,Welding Certification,SLBFE,2022
5909,CIMA,PMI,1998
5931,Plumbing Certification,SLBFE,1995
5937,CIMA,AWS,2005
5939,PMP,PMI,2006
5941,CIMA,CIMA UK,2001
5945,Nursing License,Cisco,2012
5946,CPA,SLNMC,1990
5948,Electrical Certification,SLBFE,1996
5953,Nursing License,PMI,2025
5988,AWS Certified,SLBFE,1989
5998,Driving License,SLBFE,2012
5998,Driving License,SLBFE,1992
5999,PMP,CIMA UK,1997
6000,CIMA,Cisco,1996
6006,Welding Certification,SLBFE,1992
6017,Nursing License,PMI,2021
6017,CIMA,ICASL,1990
6018,CIMA,CIMA UK,1997
6022,Plumbing Certification,SLBFE,2015
6026,PMP,PMI,2000
6030,Nursing License,PMI,1992
6032,PMP,CIMA UK,1994
6040,AWS Certified,CIMA UK,1999
6047,Welding Certification,SLBFE,2004
6047,AWS Certified,AWS,1990
6053,Cisco Certified,PMI,2011
6053,Nursing License,CIMA UK,1999
6056,AWS Certified,Cisco,2014
6056,PMP,Cisco,2003
6072,Electrical Certification,SLBFE,1999
6072,Cisco Certified,ICASL,2017
6079,Driving License,SLBFE,2023
6081,AWS Certified,PMI,2006
6085,Driving License,SLBFE,2017
6086,Electrical Certification,SLBFE,1992
6086,CPA,Cisco,1984
6096,PMP,AWS,2011
6107,Welding Certification,SLBFE,1981
6108,Plumbing Certification,SLBFE,2012
6109,Driving License,SLBFE,2008
6109,Cisco Certified,AWS,1982
6111,Driving License,SLBFE,1998
6112,PMP,PMI,1984
6115,Nursing License,CIMA UK,2007
6118,Driving License,SLBFE,2012
6118,Driving License,SLBFE,2025
6119,Cisco Certified,Cisco,1994
6122,PMP,SLNMC,2017
6122,Electrical Certification,SLBFE,2001
6129,PMP,AWS,1993
6133,AWS Certified,Cisco,1993
6135,Welding Certification,SLBFE,1996
6138,PMP,SLBFE,2020
6138,AWS Certified,ICASL,1987
6141,Cisco Certified,PMI,2010
6144,Nursing License,CIMA UK,2020
6147,CIMA,AWS,2017
6151,PMP,PMI,1980
6151,Plumbing Certification,SLBFE,2021
6169,Cisco Certified,AWS,1983
6174,Nursing License,ICASL,2010
6174,CPA,Cisco,1981
6182,Nursing License,SLNMC,2014
6187,CPA,SLBFE,1992
6198,Driving License,SLBFE,1984
6210,Driving License,SLBFE,2011
6214,CPA,ICASL,2020
6215,Driving License,SLBFE,2015
6220,Electrical Certification,SLBFE,2013
6225,Driving License,SLBFE,2012
6225,CPA,SLBFE,2013
6230,AWS Certified,Cisco,1982
6234,Electrical Certification,SLBFE,1987
6235,Welding Certification,SLBFE,1989
6238,Nursing License,PMI,2009
6240,CIMA,AWS,2022
6242,Plumbing Certification,SLBFE,1985
6243,Plumbing Certification,SLBFE,2007
6246,AWS Certified,PMI,2005
6247,Electrical Certification,SLBFE,1998
6255,Welding Certification,SLBFE,1994
6261,Nursing License,SLNMC,1980
6262,Plumbing Certification,SLBFE,2020
6265,Plumbing Certification,SLBFE,2022
6265,AWS Certified,PMI,2014
6266,Cisco Certified,SLBFE,2018
6267,AWS Certified,CIMA UK,2015
6267,Plumbing Certification,SLBFE,2020
6270,CPA,CIMA UK,1993
6272,Welding Certification,SLBFE,1993
6275,PMP,ICASL,2025
6285,PMP,SLBFE,1985
6293,Driving License,SLBFE,2016
6293,Cisco Certified,SLNMC,2022
6294,Welding Certification,SLBFE,1989
6294,Cisco Certified,AWS,2018
6309,Welding Certification,SLBFE,2000
6312,Plumbing Certification,SLBFE,1999
6324,Nursing License,SLBFE,2000
6328,CPA,PMI,2009
6328,CIMA,PMI,1985
6332,Plumbing Certification,SLBFE,1991
6336,PMP,CIMA UK,2014
6345,Driving License,SLBFE,2021
6347,Electrical Certification,SLBFE,1992
6358,AWS Certified,PMI,1999
6364,Driving License,SLBFE,2001
6364,Nursing License,ICASL,1980
6367,AWS Certified,SLNMC,1994
6367,Plumbing Certification,SLBFE,1996
6368,Cisco Certified,SLNMC,1982
6369,Plumbing Certification,SLBFE,1985
6394,Welding Certification,SLBFE,2024
6396,Plumbing Certification,SLBFE,1994
6400,CIMA,AWS,1980
6407,Driving License,SLBFE,1995
6412,CPA,CIMA UK,2025
6416,CPA,CIMA UK,2000
6422,Welding Certification,SLBFE,1995
6426,CIMA,CIMA UK,1999
6430,Welding Certification,SLBFE,2011
6440,Driving License,SLBFE,1989
6441,CPA,PMI,1992
6445,Electrical Certification,SLBFE,2018
6445,Cisco Certified,Cisco,2017
6458,Driving License,SLBFE,2023
6460,Cisco Certified,ICASL,2015
6460,Cisco Certified,SLNMC,2023
6466,Nursing License,SLBFE,2012
6468,Electrical Certification,SLBFE,2019
6468,Cisco Certified,SLNMC,2016
6469,Plumbing Certification,SLBFE,1996
6470,Driving License,SLBFE,1983
6475,Cisco Certified,CIMA UK,2020
6476,CIMA,PMI,1996
6483,Electrical Certification,SLBFE,2004
6483,PMP,CIMA UK,1984
6490,Driving License,SLBFE,1986
6490,Plumbing Certification,SLBFE,2010
6491,CIMA,PMI,2005
6494,Cisco Certified,PMI,2016
6495,Cisco Certified,SLNMC,2013
6498,Driving License,SLBFE,2013
6501,AWS Certified,SLBFE,2005
6525,PMP,SLBFE,2020
6532,Nursing License,SLNMC,2017
6532,Driving License,SLBFE,1983
6536,Electrical Certification,SLBFE,1990
6542,Plumbing Certification,SLBFE,2004
6543,PMP,ICASL,2004
6544,AWS Certified,Cisco,2008
6549,CIMA,ICASL,2008
6552,Electrical Certification,SLBFE,1981
6563,CIMA,Cisco,2022
6564,CIMA,Cisco,2008
6568,PMP,AWS,1990
6571,CIMA,SLBFE,2005
6571,CPA,SLBFE,2004
6574,CPA,ICASL,1996
6581,Cisco Certified,ICASL,1992
6584,Electrical Certification,SLBFE,1983
6584,Plumbing Certification,SLBFE,2004
6585,Cisco Certified,CIMA UK,1987
6586,Nursing License,PMI,2021
6586,Driving License,SLBFE,2011
6587,Plumbing Certification,SLBFE,2009
6604,CIMA,PMI,1980
6604,Electrical Certification,SLBFE,1989
6606,Welding Certification,SLBFE,2002
6607,AWS Certified,Cisco,2022
6611,CPA,SLNMC,1986
6615,Driving License,SLBFE,1993
6616,AWS Certified,ICASL,1981
6621,Nursing License,CIMA UK,2021
6625,Driving License,SLBFE,1985
6625,AWS Certified,SLNMC,2018
6629,Driving License,SLBFE,2016
6631,PMP,ICASL,2015
6634,Plumbing Certification,SLBFE,1991
6640,CPA,PMI,2021
6641,Cisco Certified,SLBFE,1994
6644,CPA,CIMA UK,1988
6649,Electrical Certification,SLBFE,2001
6649,AWS Certified,SLBFE,2005
6650,CPA,SLBFE,1993
6660,PMP,Cisco,2022
6660,CIMA,AWS,2014
6663,Welding Certification,SLBFE,1980
6665,Nursing License,SLNMC,2011
6667,Cisco Certified,Cisco,2015
6669,PMP,SLNMC,2011
6676,Plumbing Certification,SLBFE,2023
6709,CIMA,SLBFE,2019
6714,AWS Certified,Cisco,2014
6719,Cisco Certified,AWS,2025
6720,PMP,PMI,1985
6724,CIMA,CIMA UK,1985
6724,Plumbing Certification,SLBFE,1995
6732,Nursing License,PMI,2017
6732,PMP,Cisco,2002
6734,AWS Certified,SLNMC,2007
6736,Driving License,SLBFE,2007
6737,Nursing License,SLNMC,1989
6737,AWS Certified,ICASL,1990
6738,Welding Certification,SLBFE,2014
6752,AWS Certified,AWS,1981
6763,Nursing License,SLBFE,2022
6764,CIMA,SLBFE,2008
6771,Welding Certification,SLBFE,2009
6771,Nursing License,Cisco,1997
6772,Driving License,SLBFE,2022
6773,Cisco Certified,Cisco,2018
6776,Electrical Certification,SLBFE,1988
6778,CIMA,AWS,2004
6781,AWS Certified,PMI,2013
6783,Cisco Certified,AWS,1996
6783,CIMA,Cisco,2003
6784,PMP,Cisco,2015
6784,CPA,AWS,2003
6785,Cisco Certified,AWS,2017
6785,AWS Certified,Cisco,2023
6787,CPA,ICASL,1987
6793,PMP,SLNMC,2013
6796,Cisco Certified,SLNMC,2009
6806,Nursing License,Cisco,1998
6808,Plumbing Certification,SLBFE,2022
6808,CPA,SLBFE,2016
6809,Nursing License,SLNMC,1983
6813,CPA,SLBFE,2010
6814,Welding Certification,SLBFE,1995
6822,CPA,SLNMC,2022
6828,Driving License,SLBFE,2010
6828,AWS Certified,PMI,2003
6842,Electrical Certification,SLBFE,2014
6847,AWS Certified,SLNMC,2008
6849,Electrical Certification,SLBFE,2021
6859,Driving License,SLBFE,2017
6863,Nursing License,Cisco,2024
6863,PMP,Cisco,1989
6867,PMP,SLNMC,2023
6873,Nursing License,SLBFE,2014
6875,CPA,AWS,1983
6876,Plumbing Certification,SLBFE,2011
6876,Welding Certification,SLBFE,1992
6878,CPA,AWS,1982
6885,Welding Certification,SLBFE,2016
6886,Welding Certification,SLBFE,2016
6886,Electrical Certification,SLBFE,2003
6889,CIMA,CIMA UK,1994
6889,CPA,PMI,2005
6895,Driving License,SLBFE,2004
6903,CPA,ICASL,1990
6906,Nursing License,SLBFE,2017
6906,Welding Certification,SLBFE,1984
6911,PMP,CIMA UK,2015
6918,AWS Certified,SLBFE,1996
6926,Electrical Certification,SLBFE,1996
6928,Electrical Certification,SLBFE,1985
6930,Plumbing Certification,SLBFE,2001
6931,CPA,SLNMC,1998
6932,Cisco Certified,ICASL,2019
6938,AWS Certified,AWS,2019
6940,Nursing License,SLBFE,1984
6941,CPA,SLBFE,2006
6942,Electrical Certification,SLBFE,2011
6948,Driving License,SLBFE,1993
6954,Electrical Certification,SLBFE,1985
6959,CPA,CIMA UK,1991
6970,Nursing License,AWS,1983
6970,Welding Certification,SLBFE,2014
6977,CIMA,Cisco,1994
6978,AWS Certified,ICASL,1985
6980,Nursing License,ICASL,2004
6987,Nursing License,AWS,2010
6990,CIMA,CIMA UK,2018
6992,PMP,SLBFE,2011
6994,AWS Certified,Cisco,2009
6998,Cisco Certified,PMI,1988
7000,AWS Certified,AWS,2001
7003,Welding Certification,SLBFE,2019
7003,Plumbing Certification,SLBFE,1996
7006,PMP,CIMA UK,1992
7006,AWS Certified,SLBFE,1999
7010,Driving License,SLBFE,2003
7010,CIMA,SLNMC,2000
7012,Cisco Certified,AWS,2002
7030,Cisco Certified,AWS,1990
7033,CIMA,SLNMC,2007
7035,Driving License,SLBFE,1988
7035,Nursing License,AWS,1991
7040,Welding Certification,SLBFE,2023
7046,Cisco Certified,SLNMC,2003
7058,Nursing License,PMI,1998
7065,Electrical Certification,SLBFE,2000
7066,Cisco Certified,AWS,2000
7078,CIMA,SLNMC,2015
7081,Nursing License,CIMA UK,2011
7087,Plumbing Certification,SLBFE,2005
7087,PMP,AWS,1985
7090,PMP,Cisco,1983
7092,Electrical Certification,SLBFE,1997
7096,CPA,CIMA UK,2019
7098,Cisco Certified,CIMA UK,2021
7109,CPA,AWS,1997
7114,Cisco Certified,CIMA UK,1987
7114,Nursing License,CIMA UK,1991
7116,Electrical Certification,SLBFE,1990
7120,CPA,SLBFE,2009
7120,CPA,SLBFE,2017
7127,Welding Certification,SLBFE,2015
7128,Plumbing Certification,SLBFE,1980
7131,AWS Certified,PMI,1985
7131,AWS Certified,PMI,1994
7136,AWS Certified,SLBFE,2010
7143,Nursing License,Cisco,2015
7144,CPA,ICASL,1994
7144,Cisco Certified,Cisco,2007
7150,Electrical Certification,SLBFE,1986
7152,CIMA,SLNMC,1998
7152,AWS Certified,Cisco,1983
7154,CIMA,Cisco,1987
7166,Driving License,SLBFE,2019
7167,AWS Certified,CIMA UK,2006
7172,AWS Certified,CIMA UK,1999
7176,PMP,ICASL,1998
7183,PMP,CIMA UK,1993
7183,Nursing License,SLBFE,1982
7188,Nursing License,Cisco,1980
7190,Plumbing Certification,SLBFE,1988
7192,Electrical Certification,SLBFE,2009
7192,PMP,ICASL,2007
7194,Cisco Certified,PMI,1985
7210,Electrical Certification,SLBFE,2005
7211,CIMA,SLBFE,1987
7212,CIMA,SLBFE,2016
7213,AWS Certified,ICASL,1992
7219,PMP,ICASL,2012
7221,CIMA,AWS,1986
7225,Plumbing Certification,SLBFE,1991
7229,Plumbing Certification,SLBFE,1986
7234,PMP,ICASL,2021
7235,Nursing License,AWS,1988
7249,AWS Certified,CIMA UK,2009
7252,Nursing License,SLBFE,1994
7252,PMP,ICASL,1994
7254,Welding Certification,SLBFE,2020
7260,Cisco Certified,SLBFE,2012
7273,Driving License,SLBFE,2000
7273,CPA,SLNMC,1998
7274,PMP,SLBFE,2001
7274,CIMA,AWS,2025
7293,Plumbing Certification,SLBFE,2009
7293,Nursing License,AWS,1981
7297,PMP,Cisco,1988
7303,CIMA,AWS,2016
7303,Driving License,SLBFE,1996
7307,PMP,SLNMC,2013
7313,CIMA,CIMA UK,1990
7315,CIMA,Cisco,2014
7322,Plumbing Certification,SLBFE,2008
7328,Cisco Certified,PMI,2010
7328,Welding Certification,SLBFE,2018
7329,Nursing License,ICASL,2000
7332,Driving License,SLBFE,1992
7332,Welding Certification,SLBFE,1998
7335,AWS Certified,SLBFE,2016
7335,Plumbing Certification,SLBFE,1994
7351,AWS Certified,SLNMC,2023
7357,Welding Certification,SLBFE,1997
7357,CPA,PMI,1983
7363,Driving License,SLBFE,1992
7364,CIMA,PMI,1985
7372,Welding Certification,SLBFE,2010
7379,Electrical Certification,SLBFE,1994
7381,PMP,AWS,1983
7390,AWS Certified,Cisco,1986
7391,Plumbing Certification,SLBFE,2014
7396,CIMA,SLBFE,2003
7414,Electrical Certification,SLBFE,2021
7431,CPA,SLBFE,2021
7431,PMP,AWS,2013
7437,Plumbing Certification,SLBFE,1997
7441,AWS Certified,SLBFE,1999
7447,Electrical Certification,SLBFE,2013
7447,Nursing License,SLNMC,1980
7449,Welding Certification,SLBFE,2007
7457,Cisco Certified,SLBFE,2001
7468,Driving License,SLBFE,1982
7468,AWS Certified,ICASL,1999
7469,Driving License,SLBFE,1998
7476,Plumbing Certification,SLBFE,1985
7479,AWS Certified,AWS,1989
7479,Driving License,SLBFE,1997
7480,CIMA,SLNMC,1991
7481,Nursing License,Cisco,2006
7481,CPA,SLBFE,1993
7486,CIMA,Cisco,1981
7490,CPA,ICASL,1988
7495,CIMA,ICASL,1989
7501,Nursing License,PMI,2007
7503,Welding Certification,SLBFE,2018
7503,Welding Certification,SLBFE,1998
7514,Driving License,SLBFE,1982
7516,Welding Certification,SLBFE,2008
7516,Cisco Certified,SLBFE,2024
7536,AWS Certified,SLNMC,2015
7547,Welding Certification,SLBFE,1983
7548,Nursing License,CIMA UK,2014
7567,CPA,CIMA UK,1984
7570,Driving License,SLBFE,2009
7571,Nursing License,SLNMC,2021
7572,Welding Certification,SLBFE,2025
7574,CIMA,Cisco,1984
7574,Nursing License,Cisco,2020
7578,Nursing License,CIMA UK,2022
7579,Cisco Certified,SLNMC,2010
7580,Welding Certification,SLBFE,1989
7582,Cisco Certified,Cisco,1989
7583,Welding Certification,SLBFE,1984
7586,AWS Certified,SLNMC,1993
7588,Cisco Certified,AWS,2002
7588,Driving License,SLBFE,1986
7589,Nursing License,PMI,1996
7590,Plumbing Certification,SLBFE,2006
7590,Welding Certification,SLBFE,1996
7608,PMP,ICASL,2017
7610,Electrical Certification,SLBFE,2010
7617,CIMA,CIMA UK,2002
7617,Nursing License,ICASL,1998
7628,Driving License,SLBFE,1997
7628,Nursing License,ICASL,1999
7630,PMP,Cisco,2022
7631,CPA,Cisco,1993
7631,PMP,PMI,1984
7633,Nursing License,Cisco,1980
7641,AWS Certified,AWS,1982
7642,Cisco Certified,SLBFE,2000
7652,Nursing License,Cisco,2003
7653,Nursing License,ICASL,2018
7660,Nursing License,PMI,1997
7666,Cisco Certified,CIMA UK,1991
7667,CIMA,ICASL,1985
7669,Plumbing Certification,SLBFE,2016
7670,AWS Certified,AWS,2009
7671,CPA,SLBFE,1984
7674,Plumbing Certification,SLBFE,1985
7675,CIMA,AWS,2013
7684,Nursing License,SLNMC,2013
7688,Welding Certification,SLBFE,2012
7690,AWS Certified,SLNMC,1996
7702,Cisco Certified,CIMA UK,2015
7713,Electrical Certification,SLBFE,2021
7715,CPA,Cisco,1989
7715,Welding Certification,SLBFE,2018
7726,PMP,SLBFE,1997
7729,Cisco Certified,AWS,2001
7731,PMP,SLNMC,2016
7732,Cisco Certified,ICASL,2022
7732,Nursing License,CIMA UK,1990
7734,CIMA,PMI,2006
7734,Plumbing Certification,SLBFE,2010
7741,Nursing License,SLNMC,1992
7744,Welding Certification,SLBFE,2021
7744,Plumbing Certification,SLBFE,1983
7747,CPA,SLBFE,1991
7752,PMP,Cisco,2002
7752,Electrical Certification,SLBFE,1983
7754,AWS Certified,SLBFE,2012
7754,AWS Certified,Cisco,1991
7755,AWS Certified,AWS,1990
7760,CIMA,PMI,2011
7761,Electrical Certification,SLBFE,1984
7761,CPA,SLNMC,2019
7762,PMP,PMI,1989
7783,CPA,PMI,2024
7783,Driving License,SLBFE,1990
7793,Welding Certification,SLBFE,2006
7793,AWS Certified,CIMA UK,2010
7811,CIMA,SLBFE,1997
7815,PMP,AWS,1998
7817,Driving License,SLBFE,2009
7819,Plumbing Certification,SLBFE,1982
7826,PMP,AWS,1999
7826,CIMA,SLNMC,1989
7833,Driving License,SLBFE,2024
7835,CPA,SLNMC,2011
7835,Nursing License,CIMA UK,2010
7837,AWS Certified,CIMA UK,1987
7837,Nursing License,Cisco,1994
7839,Welding Certification,SLBFE,1993
7839,CIMA,ICASL,1981
7841,AWS Certified,SLNMC,1983
7856,AWS Certified,SLNMC,1988
7858,Welding Certification,SLBFE,2003
7863,PMP,ICASL,2021
7867,Welding Certification,SLBFE,1996
7874,AWS Certified,ICASL,2007
7877,Nursing License,CIMA UK,1987
7877,Nursing License,Cisco,1989
7882,Plumbing Certification,SLBFE,1982
7888,CIMA,Cisco,1991
7890,AWS Certified,PMI,1983
7896,Welding Certification,SLBFE,2025
7898,AWS Certified,Cisco,2022
7900,Electrical Certification,SLBFE,1993
7903,Welding Certification,SLBFE,1984
7904,Electrical Certification,SLBFE,2006
7904,Cisco Certified,ICASL,1994
7905,Driving License,SLBFE,1983
7908,AWS Certified,CIMA UK,2000
7912,Nursing License,SLBFE,1982
7917,Nursing License,AWS,1990
7920,Driving License,SLBFE,1981
7920,Driving License,SLBFE,1982
7923,AWS Certified,SLNMC,2009
7929,CIMA,AWS,1995
7931,CPA,PMI,1994
7931,PMP,SLNMC,2020
7933,AWS Certified,ICASL,1997
7936,Cisco Certified,ICASL,2015
7936,Welding Certification,SLBFE,2007
7946,AWS Certified,Cisco,2000
7946,PMP,SLNMC,2015
7948,AWS Certified,CIMA UK,2004
7949,CPA,ICASL,1982
7951,Electrical Certification,SLBFE,2006
7957,Electrical Certification,SLBFE,2001
7962,CIMA,CIMA UK,2016
7962,Cisco Certified,ICASL,1985
7974,CIMA,AWS,1983
7981,Welding Certification,SLBFE,1980
7991,CPA,ICASL,2021
7991,Electrical Certification,SLBFE,1991
7992,Nursing License,Cisco,1984
8001,CIMA,AWS,1984
8007,Welding Certification,SLBFE,2024
8009,Welding Certification,SLBFE,1984
8016,CPA,CIMA UK,2000
8026,Cisco Certified,SLNMC,2005
8026,Cisco Certified,SLNMC,1981
8027,Cisco Certified,PMI,1999
8027,AWS Certified,PMI,1993
8030,Driving License,SLBFE,2013
8032,Nursing License,SLBFE,1996
8035,Electrical Certification,SLBFE,2017
8037,Nursing License,SLBFE,1981
8040,Welding Certification,SLBFE,2000
8040,Nursing License,PMI,1982
8041,Nursing License,PMI,2003
8051,CIMA,AWS,2012
8055,Welding Certification,SLBFE,1980
8055,Welding Certification,SLBFE,2014
8058,PMP,SLBFE,2009
8060,AWS Certified,PMI,1983
8061,Nursing License,Cisco,1993
8066,AWS Certified,SLNMC,2024
8070,AWS Certified,SLNMC,2007
8072,Plumbing Certification,SLBFE,2024
8076,CIMA,AWS,2009
8076,Welding Certification,SLBFE,2009
8079,AWS Certified,SLNMC,1993
8084,AWS Certified,Cisco,2017
8084,PMP,AWS,1984
8088,Nursing License,SLNMC,1985
8092,Nursing License,SLNMC,2024
8096,PMP,SLNMC,2015
8098,Welding Certification,SLBFE,2017
8098,Welding Certification,SLBFE,2001
8100,PMP,SLBFE,1988
8105,AWS Certified,Cisco,2024
8106,PMP,SLBFE,2008
8106,CPA,PMI,2006
8107,Electrical Certification,SLBFE,2004
8108,AWS Certified,CIMA UK,2022
8113,Driving License,SLBFE,1989
8115,Nursing License,SLNMC,1999
8116,Cisco Certified,CIMA UK,2019
8116,Welding Certification,SLBFE,2006
8118,PMP,ICASL,2011
8122,CPA,AWS,2017
8123,Electrical Certification,SLBFE,2010
8125,CPA,SLNMC,2017
8140,Electrical Certification,SLBFE,2002
8145,PMP,SLBFE,2010
8148,Welding Certification,SLBFE,2012
8149,Plumbing Certification,SLBFE,2025
8149,Welding Certification,SLBFE,2014
8150,AWS Certified,SLBFE,2003
8156,Nursing License,SLNMC,2014
8163,Electrical Certification,SLBFE,1981
8165,Plumbing Certification,SLBFE,2020
8166,Cisco Certified,PMI,1985
8173,Cisco Certified,SLBFE,2004
8179,Nursing License,SLBFE,1992
8183,CPA,AWS,1987
8188,Driving License,SLBFE,1987
8195,Plumbing Certification,SLBFE,2007
8202,Welding Certification,SLBFE,1987
8205,CPA,PMI,2008
8207,Driving License,SLBFE,2015
8215,Nursing License,Cisco,1998
8217,CIMA,PMI,2000
8217,CIMA,ICASL,2022
8221,PMP,PMI,1991
8222,Electrical Certification,SLBFE,2015
8226,Welding Certification,SLBFE,2022
8236,PMP,CIMA UK,1999
8240,Cisco Certified,SLBFE,1981
8240,Nursing License,CIMA UK,1999
8253,Nursing License,PMI,2017
8256,CPA,Cisco,1986
8266,PMP,SLBFE,2002
8266,Cisco Certified,AWS,1997
8267,Plumbing Certification,SLBFE,1990
8269,Driving License,SLBFE,1982
8269,PMP,SLBFE,2006
8271,Plumbing Certification,SLBFE,2022
8276,Cisco Certified,PMI,1984
8276,Driving License,SLBFE,2004
8281,Electrical Certification,SLBFE,2006
8291,Cisco Certified,AWS,2016
8299,Nursing License,SLNMC,1981
8300,CPA,Cisco,1981
8301,Electrical Certification,SLBFE,2000
8301,AWS Certified,Cisco,2009
8310,Welding Certification,SLBFE,1980
8311,AWS Certified,PMI,1992
8311,Electrical Certification,SLBFE,2016
8313,CPA,SLNMC,2002
8314,CIMA,CIMA UK,2022
8320,Welding Certification,SLBFE,2022
8328,CIMA,CIMA UK,2016
8348,Plumbing Certification,SLBFE,1980
8351,Plumbing Certification,SLBFE,1987
8362,CPA,AWS,2024
8362,CPA,SLNMC,1985
8365,Electrical Certification,SLBFE,1996
8365,Plumbing Certification,SLBFE,1981
8370,Cisco Certified,Cisco,1988
8373,Driving License,SLBFE,2005
8373,PMP,PMI,1981
8374,Plumbing Certification,SLBFE,2025
8374,PMP,SLNMC,2011
8376,Driving License,SLBFE,2008
8392,Electrical Certification,SLBFE,2013
8397,CPA,SLBFE,1995
8406,CPA,SLNMC,2001
8406,CIMA,SLBFE,2017
8418,CIMA,SLNMC,1987
8428,Cisco Certified,PMI,1989
8428,Plumbing Certification,SLBFE,1998
8432,PMP,Cisco,1983
8436,Electrical Certification,SLBFE,1997
8436,CIMA,SLNMC,2024
8437,PMP,SLBFE,1995
8440,Plumbing Certification,SLBFE,1981
8444,Welding Certification,SLBFE,2010
8445,Welding Certification,SLBFE,1985
8445,AWS Certified,Cisco,2000
8450,Nursing License,SLNMC,1998
8450,AWS Certified,ICASL,2025
8479,CIMA,PMI,2025
8487,CIMA,ICASL,1990
8487,Welding Certification,SLBFE,2010
8492,Nursing License,SLBFE,2013
8492,Cisco Certified,Cisco,2021
8500,CIMA,ICASL,2022
8502,AWS Certified,SLNMC,1997
8511,Cisco Certified,AWS,1992
8520,Driving License,SLBFE,2018
8520,CIMA,CIMA UK,1988
8521,Welding Certification,SLBFE,1983
8525,Driving License,SLBFE,2022
8525,Nursing License,SLBFE,2001
8527,CIMA,CIMA UK,2018
8527,Nursing License,AWS,2022
8535,Driving License,SLBFE,1981
8535,CIMA,CIMA UK,1988
8538,PMP,SLNMC,1983
8549,CPA,SLNMC,1994
8551,PMP,ICASL,1982
8551,Plumbing Certification,SLBFE,2021
8552,Welding Certification,SLBFE,2025
8552,PMP,SLNMC,2002
8553,Welding Certification,SLBFE,1980
8553,Plumbing Certification,SLBFE,2001
8557,AWS Certified,PMI,1989
8559,CIMA,CIMA UK,1996
8560,CPA,PMI,2022
8561,PMP,SLNMC,2008
8562,Nursing License,SLNMC,1996
8562,Welding Certification,SLBFE,2010
8563,Nursing License,AWS,1995
8565,AWS Certified,AWS,1996
8565,CPA,SLBFE,2017
8569,Electrical Certification,SLBFE,2005
8569,PMP,CIMA UK,2025
8572,PMP,AWS,2023
8573,Nursing License,Cisco,2013
8573,PMP,SLNMC,1998
8575,Electrical Certification,SLBFE,2005
8575,Nursing License,Cisco,1992
8576,Welding Certification,SLBFE,2021
8578,Cisco Certified,CIMA UK,2014
8579,CPA,Cisco,2008
8583,Driving License,SLBFE,2004
8587,PMP,ICASL,2013
8588,Plumbing Certification,SLBFE,1984
8588,Nursing License,SLNMC,1980
8590,Cisco Certified,SLBFE,1992
8607,CIMA,PMI,2024
8607,Plumbing Certification,SLBFE,1996
8611,CPA,ICASL,1989
8614,Plumbing Certification,SLBFE,1987
8617,Plumbing Certification,SLBFE,1981
8617,Electrical Certification,SLBFE,1999
8619,PMP,AWS,1988
8620,PMP,SLNMC,1995
8621,AWS Certified,PMI,2005
8621,AWS Certified,SLBFE,2011
8623,Plumbing Certification,SLBFE,2014
8624,CIMA,SLNMC,1982
8629,CIMA,CIMA UK,2012
8630,Electrical Certification,SLBFE,1992
8630,AWS Certified,AWS,2009
8631,Cisco Certified,ICASL,1994
8631,Welding Certification,SLBFE,2016
8632,Welding Certification,SLBFE,1992
8651,AWS Certified,SLBFE,2010
8651,AWS Certified,ICASL,2013
8658,Nursing License,CIMA UK,2011
8659,Nursing License,SLBFE,1982
8664,CPA,CIMA UK,2000
8672,Driving License,SLBFE,2012
8673,CPA,CIMA UK,2021
8680,Driving License,SLBFE,1992
8686,Electrical Certification,SLBFE,1986
8699,Welding Certification,SLBFE,2020
8702,CPA,AWS,2022
8716,Plumbing Certification,SLBFE,2006
8726,Cisco Certified,SLNMC,2013
8730,PMP,AWS,2001
8738,Welding Certification,SLBFE,1996
8741,CPA,CIMA UK,2022
8743,Electrical Certification,SLBFE,2015
8743,PMP,SLNMC,2022
8747,Cisco Certified,ICASL,2019
8750,Cisco Certified,ICASL,2007
8752,Cisco Certified,ICASL,2004
8756,Nursing License,ICASL,2001
8758,PMP,PMI,1993
8770,Plumbing Certification,SLBFE,2012
8771,AWS Certified,ICASL,2013
8772,Welding Certification,SLBFE,1983
8773,CIMA,Cisco,1994
8776,Driving License,SLBFE,2014
8778,Nursing License,SLNMC,2004
8785,Welding Certification,SLBFE,2021
8787,AWS Certified,CIMA UK,2016
8799,CIMA,PMI,1984
8803,Driving License,SLBFE,1997
8805,AWS Certified,SLNMC,2023
8809,Driving License,SLBFE,2011
8812,Welding Certification,SLBFE,2011
8824,Plumbing Certification,SLBFE,1982
8824,PMP,PMI,1999
8826,CIMA,CIMA UK,2001
8830,Electrical Certification,SLBFE,1981
8830,Electrical Certification,SLBFE,2002
8838,PMP,SLNMC,1988
8842,AWS Certified,ICASL,2019
8844,Plumbing Certification,SLBFE,2015
8844,Cisco Certified,AWS,2009
8846,CIMA,CIMA UK,1990
8846,Electrical Certification,SLBFE,1989
8859,Welding Certification,SLBFE,2013
8863,Driving License,SLBFE,1997
8874,PMP,AWS,2013
8878,CIMA,AWS,1980
8880,Driving License,SLBFE,2010
8881,PMP,PMI,2002
8881,CIMA,SLNMC,1982
8884,Nursing License,SLBFE,1997
8901,AWS Certified,CIMA UK,1986
8901,Welding Certification,SLBFE,1996
8903,CIMA,AWS,2010
8903,AWS Certified,AWS,1980
8905,CIMA,SLNMC,2011
8905,Welding Certification,SLBFE,2021
8909,CIMA,SLNMC,1993
8915,CIMA,SLNMC,2012
8920,Welding Certification,SLBFE,2018
8934,PMP,SLBFE,2013
8934,PMP,AWS,1988
8936,Nursing License,SLNMC,1993
8936,Nursing License,ICASL,1984
8941,Nursing License,SLBFE,2020
8944,CPA,PMI,2010
8944,AWS Certified,Cisco,2014
8945,Electrical Certification,SLBFE,2015
8945,CPA,SLNMC,1992
8957,AWS Certified,ICASL,2004
8958,Plumbing Certification,SLBFE,2024
8963,CIMA,ICASL,1987
8965,Plumbing Certification,SLBFE,1996
8965,AWS Certified,PMI,2004
8976,CPA,AWS,2008
8976,AWS Certified,CIMA UK,1993
8987,Plumbing Certification,SLBFE,2010
8987,Electrical Certification,SLBFE,1989
8988,CIMA,CIMA UK,2018
8988,Welding Certification,SLBFE,1988
8990,PMP,AWS,2019
8992,AWS Certified,PMI,1993
9000,AWS Certified,Cisco,1992
9002,Driving License,SLBFE,2018
9010,Plumbing Certification,SLBFE,1988
9016,CPA,CIMA UK,1991
9023,Electrical Certification,SLBFE,2015
9026,Plumbing Certification,SLBFE,1997
9026,Welding Certification,SLBFE,2023
9034,PMP,AWS,2018
9035,PMP,PMI,2008
9044,CPA,PMI,2012
9048,Electrical Certification,SLBFE,2023
9051,Welding Certification,SLBFE,2000
9057,PMP,SLNMC,2024
9061,Plumbing Certification,SLBFE,1992
9066,Driving License,SLBFE,2000
9082,CIMA,Cisco,2015
9083,Plumbing Certification,SLBFE,1990
9088,Driving License,SLBFE,1985
9089,PMP,SLNMC,2004
9094,CIMA,ICASL,1988
9096,AWS Certified,SLBFE,1998
9107,Welding Certification,SLBFE,2002
9115,Nursing License,ICASL,1999
9122,AWS Certified,CIMA UK,1986
9132,CIMA,AWS,2014
9136,Welding Certification,SLBFE,1990
9139,Electrical Certification,SLBFE,1991
9140,CIMA,CIMA UK,2019
9140,Nursing License,SLNMC,2017
9142,Cisco Certified,SLBFE,2024
9143,Plumbing Certification,SLBFE,2004
9152,Nursing License,ICASL,1984
9168,CPA,SLBFE,1985
9168,AWS Certified,PMI,1994
9171,CPA,SLBFE,1985
9171,Welding Certification,SLBFE,2002
9173,CIMA,CIMA UK,1984
9173,Plumbing Certification,SLBFE,2005
9178,Welding Certification,SLBFE,2000
9180,Driving License,SLBFE,1985
9183,CIMA,AWS,2018
9187,Welding Certification,SLBFE,1992
9187,Cisco Certified,PMI,1988
9190,Electrical Certification,SLBFE,1980
9194,AWS Certified,CIMA UK,2016
9194,CIMA,Cisco,2017
9197,Plumbing Certification,SLBFE,2006
9201,Driving License,SLBFE,1991
9205,Driving License,SLBFE,1985
9206,Plumbing Certification,SLBFE,2008
9209,CPA,SLBFE,1982
9211,Nursing License,AWS,2009
9212,Driving License,SLBFE,1991
9212,Cisco Certified,SLNMC,1986
9225,Welding Certification,SLBFE,2009
9237,Nursing License,ICASL,2005
9237,Cisco Certified,SLBFE,1995
9244,Cisco Certified,PMI,1991
9246,Nursing License,SLBFE,2013
9246,Welding Certification,SLBFE,1995
9252,CPA,ICASL,2024
9254,PMP,ICASL,2002
9265,CPA,SLNMC,2014
9265,Driving License,SLBFE,1996
9266,Welding Certification,SLBFE,1980
9266,Driving License,SLBFE,1986
9267,CIMA,SLNMC,2013
9270,CIMA,SLNMC,2023
9275,Nursing License,SLNMC,1986
9275,Plumbing Certification,SLBFE,2013
9286,Plumbing Certification,SLBFE,1995
9289,CPA,CIMA UK,1982
9311,Nursing License,Cisco,1987
9311,PMP,CIMA UK,2002
9317,CIMA,Cisco,1990
9327,Electrical Certification,SLBFE,1984
9327,AWS Certified,ICASL,1982
9328,Driving License,SLBFE,2000
9329,Nursing License,SLBFE,2017
9329,CPA,CIMA UK,1992
9332,Cisco Certified,ICASL,1986
9338,Electrical Certification,SLBFE,2023
9348,Electrical Certification,SLBFE,1983
9355,Welding Certification,SLBFE,2013
9356,Plumbing Certification,SLBFE,2014
9356,Driving License,SLBFE,2018
9362,Welding Certification,SLBFE,2018
9362,Welding Certification,SLBFE,2004
9364,AWS Certified,CIMA UK,1984
9364,Driving License,SLBFE,2024
9366,Plumbing Certification,SLBFE,1999
9373,AWS Certified,AWS,1999
9376,Driving License,SLBFE,2017
9382,CIMA,PMI,1999
9383,Driving License,SLBFE,2020
9393,Electrical Certification,SLBFE,1983
9393,Welding Certification,SLBFE,2005
9394,PMP,SLNMC,1991
9395,Electrical Certification,SLBFE,2018
9397,Driving License,SLBFE,1995
9398,CPA,PMI,2014
9399,CIMA,PMI,1987
9401,CIMA,CIMA UK,1988
9401,Driving License,SLBFE,2023
9404,CIMA,SLBFE,2003
9408,Plumbing Certification,SLBFE,2007
9409,Welding Certification,SLBFE,1992
9421,Nursing License,ICASL,1980
9422,Electrical Certification,SLBFE,1999
9424,CPA,PMI,2014
9424,Cisco Certified,SLNMC,2023
9428,Plumbing Certification,SLBFE,2017
9428,Driving License,SLBFE,1988
9430,PMP,CIMA UK,1999
9433,CPA,SLBFE,2010
9441,Nursing License,CIMA UK,2025
9445,AWS Certified,SLNMC,1998
9447,Plumbing Certification,SLBFE,2012
9452,CIMA,SLNMC,2017
9456,Cisco Certified,PMI,1996
9462,Nursing License,Cisco,2005
9473,Welding Certification,SLBFE,2021
9482,PMP,CIMA UK,2019
9484,Nursing License,ICASL,2008
9486,Welding Certification,SLBFE,2020
9490,PMP,SLBFE,1988
9490,Nursing License,AWS,2000
9494,Cisco Certified,PMI,2013
9496,Welding Certification,SLBFE,1980
9497,CPA,AWS,2022
9502,PMP,AWS,2004
9511,Electrical Certification,SLBFE,2013
9522,CPA,AWS,1989
9523,Nursing License,SLNMC,1986
9524,AWS Certified,SLNMC,1983
9526,AWS Certified,Cisco,2018
9526,PMP,SLBFE,2023
9530,Cisco Certified,Cisco,2025
9533,Welding Certification,SLBFE,1987
9533,AWS Certified,SLBFE,1982
9538,Cisco Certified,PMI,1990
9539,Plumbing Certification,SLBFE,2020
9539,PMP,PMI,1985
9541,Welding Certification,SLBFE,2016
9546,Welding Certification,SLBFE,1986
9548,Cisco Certified,SLNMC,2007
9554,CIMA,SLNMC,2009
9556,Nursing License,AWS,2000
9561,AWS Certified,SLNMC,2017
9562,Nursing License,PMI,2018
9571,AWS Certified,CIMA UK,1981
9587,Electrical Certification,SLBFE,2002
9592,Nursing License,CIMA UK,2017
9596,Welding Certification,SLBFE,1984
9596,Driving License,SLBFE,2021
9627,PMP,PMI,1988
9629,AWS Certified,AWS,2016
9629,Nursing License,AWS,1995
9634,PMP,CIMA UK,2025
9639,PMP,SLBFE,2021
9641,Cisco Certified,SLNMC,1991
9647,Nursing License,PMI,1980
9647,Driving License,SLBFE,2016
9651,Electrical Certification,SLBFE,1996
9653,CIMA,SLNMC,2004
9663,Nursing License,ICASL,2010
9666,Nursing License,PMI,1984
9666,Welding Certification,SLBFE,1988
9676,AWS Certified,PMI,2012
9677,CIMA,PMI,2015
9677,Driving License,SLBFE,2012
9679,Welding Certification,SLBFE,2021
9683,CPA,CIMA UK,1985
9684,AWS Certified,PMI,2002
9687,Driving License,SLBFE,2001
9687,PMP,PMI,2012
9709,Plumbing Certification,SLBFE,1982
9710,Welding Certification,SLBFE,1992
9711,AWS Certified,SLNMC,2014
9711,CPA,ICASL,1997
9716,Driving License,SLBFE,2011
9723,Nursing License,PMI,2025
9729,Cisco Certified,SLBFE,1990
9731,CIMA,PMI,2005
9731,PMP,ICASL,2007
9735,CIMA,SLNMC,2007
9737,CIMA,PMI,2022
9745,CIMA,ICASL,1991
9747,Welding Certification,SLBFE,2017
9748,CIMA,CIMA UK,1994
9748,PMP,Cisco,2009
9756,Electrical Certification,SLBFE,1988
9756,CPA,CIMA UK,2012
9771,Welding Certification,SLBFE,1987
9773,Driving License,SLBFE,1985
9773,AWS Certified,CIMA UK,2000
9775,Driving License,SLBFE,1985
9775,Cisco Certified,AWS,2007
9777,AWS Certified,ICASL,2012
9778,AWS Certified,PMI,2012
9789,Cisco Certified,CIMA UK,1994
9798,AWS Certified,PMI,2020
9798,Nursing License,SLNMC,2021
9805,Driving License,SLBFE,1994
9811,CPA,SLBFE,1985
9820,Cisco Certified,Cisco,2006
9828,CIMA,SLNMC,2008
9832,CPA,Cisco,2014
9844,AWS Certified,SLBFE,2021
9845,Nursing License,CIMA UK,1988
9851,Plumbing Certification,SLBFE,2003
9851,Driving License,SLBFE,1999
9852,Welding Certification,SLBFE,1999
9856,Plumbing Certification,SLBFE,2013
9859,Plumbing Certification,SLBFE,2000
9860,CIMA,AWS,2003
9863,Welding Certification,SLBFE,1990
9870,Plumbing Certification,SLBFE,2018
9870,Plumbing Certification,SLBFE,2016
9872,Cisco Certified,SLBFE,2009
9872,Plumbing Certification,SLBFE,1993
9875,CPA,SLNMC,2019
9878,Cisco Certified,PMI,1990
9878,CPA,CIMA UK,2022
9880,AWS Certified,SLNMC,2007
9885,Driving License,SLBFE,2012
9886,Driving License,SLBFE,2019
9888,CPA,SLBFE,2009
9891,Welding Certification,SLBFE,2000
9892,CIMA,AWS,2009
9892,Nursing License,Cisco,1987
9894,Cisco Certified,SLNMC,1989
9897,Nursing License,Cisco,2009
9897,PMP,SLNMC,1992
9901,CPA,CIMA UK,2018
9914,CIMA,PMI,2001
9917,Welding Certification,SLBFE,2005
9918,AWS Certified,SLNMC,2011
9921,AWS Certified,SLBFE,1984
9925,Nursing License,SLBFE,2007
9927,Nursing License,ICASL,2021
9927,Welding Certification,SLBFE,2007
9929,CIMA,AWS,2021
9931,Welding Certification,SLBFE,1987
9947,PMP,ICASL,2001
9951,Driving License,SLBFE,2021
9955,Nursing License,SLBFE,1984
9963,AWS Certified,SLNMC,2010
9963,Electrical Certification,SLBFE,2020
9968,Welding Certification,SLBFE,2006
9970,Cisco Certified,SLBFE,1985
9972,Plumbing Certification,SLBFE,1993
9975,CPA,SLBFE,2002
9980,PMP,PMI,1990
9986,AWS Certified,AWS,1997
9986,Electrical Certification,SLBFE,2019
9987,AWS Certified,PMI,1990
9987,CPA,SLNMC,1982
9988,Cisco Certified,SLNMC,2008
9996,Electrical Certification,SLBFE,2018
9998,Plumbing Certification,SLBFE,2018
